Ano,IdServicio,servicio_salud,IdComuna,comuna,beneficiarios_fonasa_15_mas
2024,09,Servicio de Salud Metropolitano Norte,13104,Conchalí,106891
2024,09,Servicio de Salud Metropolitano Norte,13107,Huechuraba,63638
2024,09,Servicio de Salud Metropolitano Norte,13108,Independencia,93709
2024,09,Servicio de Salud Metropolitano Norte,13125,Quilicura,149010
2024,09,Servicio de Salud Metropolitano Norte,13127,Recoleta,124016
2024,09,Servicio de Salud Metropolitano Norte,13301,Colina,96044
2024,09,Servicio de Salud Metropolitano Norte,13302,Lampa,68956
2024,09,Servicio de Salud Metropolitano Norte,13303,Tiltil,14335
2024,10,Servicio de Salud Metropolitano Occidente,13103,Cerro Navia,106395
2024,10,Servicio de Salud Metropolitano Occidente,13117,Lo Prado,105105
2024,10,Servicio de Salud Metropolitano Occidente,13124,Pudahuel,176135
2024,10,Servicio de Salud Metropolitano Occidente,13126,Quinta Normal,94929
2024,10,Servicio de Salud Metropolitano Occidente,13128,Renca,115885
2024,10,Servicio de Salud Metropolitano Occidente,13501,Melipilla,106996
2024,10,Servicio de Salud Metropolitano Occidente,13502,Alhué,7632
2024,10,Servicio de Salud Metropolitano Occidente,13503,Curacaví,23087
2024,10,Servicio de Salud Metropolitano Occidente,13504,Maria Pinto,13131
2024,10,Servicio de Salud Metropolitano Occidente,13505,San Pedro,10948
2024,10,Servicio de Salud Metropolitano Occidente,13601,Talagante,52754
2024,10,Servicio de Salud Metropolitano Occidente,13602,El Monte,28881
2024,10,Servicio de Salud Metropolitano Occidente,13603,Isla de Maipo,29710
2024,10,Servicio de Salud Metropolitano Occidente,13604,Padre Hurtado,49784
2024,10,Servicio de Salud Metropolitano Occidente,13605,Peñaflor,70090
2024,11,Servicio de Salud Metropolitano Central,13101,Santiago,302691
2024,11,Servicio de Salud Metropolitano Central,13102,Cerrillos,53959
2024,11,Servicio de Salud Metropolitano Central,13106,Estación Central,107154
2024,11,Servicio de Salud Metropolitano Central,13119,Maipú,311905
2024,12,Servicio de Salud Metropolitano Oriente,13113,La Reina,41630
2024,12,Servicio de Salud Metropolitano Oriente,13114,Las Condes,90452
2024,12,Servicio de Salud Metropolitano Oriente,13115,Lo Barnechea,38220
2024,12,Servicio de Salud Metropolitano Oriente,13118,Macul,112389
2024,12,Servicio de Salud Metropolitano Oriente,13120,Ñuñoa,103904
2024,12,Servicio de Salud Metropolitano Oriente,13122,Peñalolén,176398
2024,12,Servicio de Salud Metropolitano Oriente,13123,Providencia,75612
2024,12,Servicio de Salud Metropolitano Oriente,13132,Vitacura,20250
2024,13,Servicio de Salud Metropolitano Sur,13105,El Bosque,146612
2024,13,Servicio de Salud Metropolitano Sur,13109,La Cisterna,69760
2024,13,Servicio de Salud Metropolitano Sur,13116,Lo Espejo,80336
2024,13,Servicio de Salud Metropolitano Sur,13121,Pedro Aguirre Cerda,92488
2024,13,Servicio de Salud Metropolitano Sur,13129,San Joaquín,83052
2024,13,Servicio de Salud Metropolitano Sur,13130,San Miguel,95058
2024,13,Servicio de Salud Metropolitano Sur,13401,San Bernardo,214021
2024,13,Servicio de Salud Metropolitano Sur,13402,Buin,81740
2024,13,Servicio de Salud Metropolitano Sur,13403,Calera de Tango,17017
2024,13,Servicio de Salud Metropolitano Sur,13404,Paine,60869
2024,14,Servicio de Salud Metropolitano Sur Oriente,13110,La Florida,306922
2024,14,Servicio de Salud Metropolitano Sur Oriente,13111,La Granja,115842
2024,14,Servicio de Salud Metropolitano Sur Oriente,13112,La Pintana,132845
2024,14,Servicio de Salud Metropolitano Sur Oriente,13131,San Ramón,69948
2024,14,Servicio de Salud Metropolitano Sur Oriente,13201,Puente Alto,368013
2024,14,Servicio de Salud Metropolitano Sur Oriente,13202,Pirque,21452
2024,14,Servicio de Salud Metropolitano Sur Oriente,13203,San José de Maipo,9994
2025,09,Servicio de Salud Metropolitano Norte,13104,Conchalí,107355
2025,09,Servicio de Salud Metropolitano Norte,13107,Huechuraba,65433
2025,09,Servicio de Salud Metropolitano Norte,13108,Independencia,97410
2025,09,Servicio de Salud Metropolitano Norte,13125,Quilicura,154296
2025,09,Servicio de Salud Metropolitano Norte,13127,Recoleta,125579
2025,09,Servicio de Salud Metropolitano Norte,13301,Colina,101666
2025,09,Servicio de Salud Metropolitano Norte,13302,Lampa,72809
2025,09,Servicio de Salud Metropolitano Norte,13303,Tiltil,14982
2025,10,Servicio de Salud Metropolitano Occidente,13103,Cerro Navia,107084
2025,10,Servicio de Salud Metropolitano Occidente,13117,Lo Prado,106249
2025,10,Servicio de Salud Metropolitano Occidente,13124,Pudahuel,178716
2025,10,Servicio de Salud Metropolitano Occidente,13126,Quinta Normal,95839
2025,10,Servicio de Salud Metropolitano Occidente,13128,Renca,118062
2025,10,Servicio de Salud Metropolitano Occidente,13501,Melipilla,112211
2025,10,Servicio de Salud Metropolitano Occidente,13502,Alhué,8232
2025,10,Servicio de Salud Metropolitano Occidente,13503,Curacaví,23787
2025,10,Servicio de Salud Metropolitano Occidente,13504,Maria Pinto,13524
2025,10,Servicio de Salud Metropolitano Occidente,13505,San Pedro,13305
2025,10,Servicio de Salud Metropolitano Occidente,13601,Talagante,55120
2025,10,Servicio de Salud Metropolitano Occidente,13602,El Monte,29541
2025,10,Servicio de Salud Metropolitano Occidente,13603,Isla de Maipo,31088
2025,10,Servicio de Salud Metropolitano Occidente,13604,Padre Hurtado,52723
2025,10,Servicio de Salud Metropolitano Occidente,13605,Peñaflor,71034
2025,11,Servicio de Salud Metropolitano Central,13101,Santiago,313832
2025,11,Servicio de Salud Metropolitano Central,13102,Cerrillos,56977
2025,11,Servicio de Salud Metropolitano Central,13106,Estación Central,111715
2025,11,Servicio de Salud Metropolitano Central,13119,Maipú,323045
2025,12,Servicio de Salud Metropolitano Oriente,13113,La Reina,43489
2025,12,Servicio de Salud Metropolitano Oriente,13114,Las Condes,93280
2025,12,Servicio de Salud Metropolitano Oriente,13115,Lo Barnechea,39272
2025,12,Servicio de Salud Metropolitano Oriente,13118,Macul,116039
2025,12,Servicio de Salud Metropolitano Oriente,13120,Ñuñoa,111875
2025,12,Servicio de Salud Metropolitano Oriente,13122,Peñalolén,179131
2025,12,Servicio de Salud Metropolitano Oriente,13123,Providencia,78647
2025,12,Servicio de Salud Metropolitano Oriente,13132,Vitacura,21099
2025,13,Servicio de Salud Metropolitano Sur,13105,El Bosque,147868
2025,13,Servicio de Salud Metropolitano Sur,13109,La Cisterna,72226
2025,13,Servicio de Salud Metropolitano Sur,13116,Lo Espejo,81218
2025,13,Servicio de Salud Metropolitano Sur,13121,Pedro Aguirre Cerda,92480
2025,13,Servicio de Salud Metropolitano Sur,13129,San Joaquín,83791
2025,13,Servicio de Salud Metropolitano Sur,13130,San Miguel,103834
2025,13,Servicio de Salud Metropolitano Sur,13401,San Bernardo,219250
2025,13,Servicio de Salud Metropolitano Sur,13402,Buin,84429
2025,13,Servicio de Salud Metropolitano Sur,13403,Calera de Tango,17408
2025,13,Servicio de Salud Metropolitano Sur,13404,Paine,64040
2025,14,Servicio de Salud Metropolitano Sur Oriente,13110,La Florida,316265
2025,14,Servicio de Salud Metropolitano Sur Oriente,13111,La Granja,114254
2025,14,Servicio de Salud Metropolitano Sur Oriente,13112,La Pintana,134197
2025,14,Servicio de Salud Metropolitano Sur Oriente,13131,San Ramón,71044
2025,14,Servicio de Salud Metropolitano Sur Oriente,13201,Puente Alto,376225
2025,14,Servicio de Salud Metropolitano Sur Oriente,13202,Pirque,22252
2025,14,Servicio de Salud Metropolitano Sur Oriente,13203,San José de Maipo,10239
