Ano,indicador_id,nombre_indicador,nivel,IdServicio,servicio_salud,comuna,n_egresos,denominador_fonasa_15_mas,tasa_x10000
2024,18,Tasa de egresos hospitalarios por enfermedad cerebrovascular,comuna,11,Servicio de Salud Metropolitano Central,13101,536,302691,17.7078
2024,19,Tasa de egresos hospitalarios por enfermedades isquémicas del corazón,comuna,11,Servicio de Salud Metropolitano Central,13101,565,302691,18.6659
2024,20,Tasa de egresos hospitalarios por insuficiencia cardíaca,comuna,11,Servicio de Salud Metropolitano Central,13101,291,302691,9.6138
2024,21,Tasa de egresos hospitalarios por diabetes mellitus,comuna,11,Servicio de Salud Metropolitano Central,13101,179,302691,5.9136
2024,22,Tasa de egresos hospitalarios por amputación extremidad inferior en diabetes,comuna,11,Servicio de Salud Metropolitano Central,13101,186,302691,6.1449
2024,18,Tasa de egresos hospitalarios por enfermedad cerebrovascular,comuna,11,Servicio de Salud Metropolitano Central,13102,105,53959,19.4592
2024,19,Tasa de egresos hospitalarios por enfermedades isquémicas del corazón,comuna,11,Servicio de Salud Metropolitano Central,13102,115,53959,21.3125
2024,20,Tasa de egresos hospitalarios por insuficiencia cardíaca,comuna,11,Servicio de Salud Metropolitano Central,13102,67,53959,12.4168
2024,21,Tasa de egresos hospitalarios por diabetes mellitus,comuna,11,Servicio de Salud Metropolitano Central,13102,69,53959,12.7875
2024,22,Tasa de egresos hospitalarios por amputación extremidad inferior en diabetes,comuna,11,Servicio de Salud Metropolitano Central,13102,17,53959,3.1505
2024,18,Tasa de egresos hospitalarios por enfermedad cerebrovascular,comuna,10,Servicio de Salud Metropolitano Occidente,13103,319,106395,29.9826
2024,19,Tasa de egresos hospitalarios por enfermedades isquémicas del corazón,comuna,10,Servicio de Salud Metropolitano Occidente,13103,194,106395,18.2339
2024,20,Tasa de egresos hospitalarios por insuficiencia cardíaca,comuna,10,Servicio de Salud Metropolitano Occidente,13103,217,106395,20.3957
2024,21,Tasa de egresos hospitalarios por diabetes mellitus,comuna,10,Servicio de Salud Metropolitano Occidente,13103,166,106395,15.6022
2024,22,Tasa de egresos hospitalarios por amputación extremidad inferior en diabetes,comuna,10,Servicio de Salud Metropolitano Occidente,13103,37,106395,3.4776
2024,18,Tasa de egresos hospitalarios por enfermedad cerebrovascular,comuna,09,Servicio de Salud Metropolitano Norte,13104,200,106891,18.7106
2024,19,Tasa de egresos hospitalarios por enfermedades isquémicas del corazón,comuna,09,Servicio de Salud Metropolitano Norte,13104,164,106891,15.3427
2024,20,Tasa de egresos hospitalarios por insuficiencia cardíaca,comuna,09,Servicio de Salud Metropolitano Norte,13104,114,106891,10.6651
2024,21,Tasa de egresos hospitalarios por diabetes mellitus,comuna,09,Servicio de Salud Metropolitano Norte,13104,95,106891,8.8876
2024,22,Tasa de egresos hospitalarios por amputación extremidad inferior en diabetes,comuna,09,Servicio de Salud Metropolitano Norte,13104,85,106891,7.952
2024,18,Tasa de egresos hospitalarios por enfermedad cerebrovascular,comuna,13,Servicio de Salud Metropolitano Sur,13105,278,146612,18.9616
2024,19,Tasa de egresos hospitalarios por enfermedades isquémicas del corazón,comuna,13,Servicio de Salud Metropolitano Sur,13105,253,146612,17.2564
2024,20,Tasa de egresos hospitalarios por insuficiencia cardíaca,comuna,13,Servicio de Salud Metropolitano Sur,13105,193,146612,13.164
2024,21,Tasa de egresos hospitalarios por diabetes mellitus,comuna,13,Servicio de Salud Metropolitano Sur,13105,205,146612,13.9825
2024,22,Tasa de egresos hospitalarios por amputación extremidad inferior en diabetes,comuna,13,Servicio de Salud Metropolitano Sur,13105,62,146612,4.2288
2024,18,Tasa de egresos hospitalarios por enfermedad cerebrovascular,comuna,11,Servicio de Salud Metropolitano Central,13106,236,107154,22.0244
2024,19,Tasa de egresos hospitalarios por enfermedades isquémicas del corazón,comuna,11,Servicio de Salud Metropolitano Central,13106,221,107154,20.6245
2024,20,Tasa de egresos hospitalarios por insuficiencia cardíaca,comuna,11,Servicio de Salud Metropolitano Central,13106,166,107154,15.4917
2024,21,Tasa de egresos hospitalarios por diabetes mellitus,comuna,11,Servicio de Salud Metropolitano Central,13106,97,107154,9.0524
2024,22,Tasa de egresos hospitalarios por amputación extremidad inferior en diabetes,comuna,11,Servicio de Salud Metropolitano Central,13106,68,107154,6.346
2024,18,Tasa de egresos hospitalarios por enfermedad cerebrovascular,comuna,09,Servicio de Salud Metropolitano Norte,13107,114,63638,17.9138
2024,19,Tasa de egresos hospitalarios por enfermedades isquémicas del corazón,comuna,09,Servicio de Salud Metropolitano Norte,13107,90,63638,14.1425
2024,20,Tasa de egresos hospitalarios por insuficiencia cardíaca,comuna,09,Servicio de Salud Metropolitano Norte,13107,57,63638,8.9569
2024,21,Tasa de egresos hospitalarios por diabetes mellitus,comuna,09,Servicio de Salud Metropolitano Norte,13107,35,63638,5.4999
2024,22,Tasa de egresos hospitalarios por amputación extremidad inferior en diabetes,comuna,09,Servicio de Salud Metropolitano Norte,13107,33,63638,5.1856
2024,18,Tasa de egresos hospitalarios por enfermedad cerebrovascular,comuna,09,Servicio de Salud Metropolitano Norte,13108,146,93709,15.5801
2024,19,Tasa de egresos hospitalarios por enfermedades isquémicas del corazón,comuna,09,Servicio de Salud Metropolitano Norte,13108,107,93709,11.4183
2024,20,Tasa de egresos hospitalarios por insuficiencia cardíaca,comuna,09,Servicio de Salud Metropolitano Norte,13108,72,93709,7.6834
2024,21,Tasa de egresos hospitalarios por diabetes mellitus,comuna,09,Servicio de Salud Metropolitano Norte,13108,67,93709,7.1498
2024,22,Tasa de egresos hospitalarios por amputación extremidad inferior en diabetes,comuna,09,Servicio de Salud Metropolitano Norte,13108,40,93709,4.2685
2024,18,Tasa de egresos hospitalarios por enfermedad cerebrovascular,comuna,13,Servicio de Salud Metropolitano Sur,13109,131,69760,18.7787
2024,19,Tasa de egresos hospitalarios por enfermedades isquémicas del corazón,comuna,13,Servicio de Salud Metropolitano Sur,13109,106,69760,15.195
2024,20,Tasa de egresos hospitalarios por insuficiencia cardíaca,comuna,13,Servicio de Salud Metropolitano Sur,13109,89,69760,12.758
2024,21,Tasa de egresos hospitalarios por diabetes mellitus,comuna,13,Servicio de Salud Metropolitano Sur,13109,38,69760,5.4472
2024,22,Tasa de egresos hospitalarios por amputación extremidad inferior en diabetes,comuna,13,Servicio de Salud Metropolitano Sur,13109,57,69760,8.1709
2024,18,Tasa de egresos hospitalarios por enfermedad cerebrovascular,comuna,14,Servicio de Salud Metropolitano Sur Oriente,13110,577,306922,18.7996
2024,19,Tasa de egresos hospitalarios por enfermedades isquémicas del corazón,comuna,14,Servicio de Salud Metropolitano Sur Oriente,13110,901,306922,29.356
2024,20,Tasa de egresos hospitalarios por insuficiencia cardíaca,comuna,14,Servicio de Salud Metropolitano Sur Oriente,13110,343,306922,11.1755
2024,21,Tasa de egresos hospitalarios por diabetes mellitus,comuna,14,Servicio de Salud Metropolitano Sur Oriente,13110,270,306922,8.797
2024,22,Tasa de egresos hospitalarios por amputación extremidad inferior en diabetes,comuna,14,Servicio de Salud Metropolitano Sur Oriente,13110,187,306922,6.0928
2024,18,Tasa de egresos hospitalarios por enfermedad cerebrovascular,comuna,14,Servicio de Salud Metropolitano Sur Oriente,13111,219,115842,18.9051
2024,19,Tasa de egresos hospitalarios por enfermedades isquémicas del corazón,comuna,14,Servicio de Salud Metropolitano Sur Oriente,13111,326,115842,28.1418
2024,20,Tasa de egresos hospitalarios por insuficiencia cardíaca,comuna,14,Servicio de Salud Metropolitano Sur Oriente,13111,100,115842,8.6324
2024,21,Tasa de egresos hospitalarios por diabetes mellitus,comuna,14,Servicio de Salud Metropolitano Sur Oriente,13111,82,115842,7.0786
2024,22,Tasa de egresos hospitalarios por amputación extremidad inferior en diabetes,comuna,14,Servicio de Salud Metropolitano Sur Oriente,13111,171,115842,14.7615
2024,18,Tasa de egresos hospitalarios por enfermedad cerebrovascular,comuna,14,Servicio de Salud Metropolitano Sur Oriente,13112,330,132845,24.841
2024,19,Tasa de egresos hospitalarios por enfermedades isquémicas del corazón,comuna,14,Servicio de Salud Metropolitano Sur Oriente,13112,347,132845,26.1207
2024,20,Tasa de egresos hospitalarios por insuficiencia cardíaca,comuna,14,Servicio de Salud Metropolitano Sur Oriente,13112,149,132845,11.2161
2024,21,Tasa de egresos hospitalarios por diabetes mellitus,comuna,14,Servicio de Salud Metropolitano Sur Oriente,13112,146,132845,10.9903
2024,22,Tasa de egresos hospitalarios por amputación extremidad inferior en diabetes,comuna,14,Servicio de Salud Metropolitano Sur Oriente,13112,249,132845,18.7436
2024,18,Tasa de egresos hospitalarios por enfermedad cerebrovascular,comuna,12,Servicio de Salud Metropolitano Oriente,13113,106,41630,25.4624
2024,19,Tasa de egresos hospitalarios por enfermedades isquémicas del corazón,comuna,12,Servicio de Salud Metropolitano Oriente,13113,83,41630,19.9375
2024,20,Tasa de egresos hospitalarios por insuficiencia cardíaca,comuna,12,Servicio de Salud Metropolitano Oriente,13113,55,41630,13.2116
2024,21,Tasa de egresos hospitalarios por diabetes mellitus,comuna,12,Servicio de Salud Metropolitano Oriente,13113,21,41630,5.0444
2024,22,Tasa de egresos hospitalarios por amputación extremidad inferior en diabetes,comuna,12,Servicio de Salud Metropolitano Oriente,13113,41,41630,9.8487
2024,18,Tasa de egresos hospitalarios por enfermedad cerebrovascular,comuna,12,Servicio de Salud Metropolitano Oriente,13114,211,90452,23.3273
2024,19,Tasa de egresos hospitalarios por enfermedades isquémicas del corazón,comuna,12,Servicio de Salud Metropolitano Oriente,13114,191,90452,21.1162
2024,20,Tasa de egresos hospitalarios por insuficiencia cardíaca,comuna,12,Servicio de Salud Metropolitano Oriente,13114,113,90452,12.4928
2024,21,Tasa de egresos hospitalarios por diabetes mellitus,comuna,12,Servicio de Salud Metropolitano Oriente,13114,58,90452,6.4122
2024,22,Tasa de egresos hospitalarios por amputación extremidad inferior en diabetes,comuna,12,Servicio de Salud Metropolitano Oriente,13114,58,90452,6.4122
2024,18,Tasa de egresos hospitalarios por enfermedad cerebrovascular,comuna,12,Servicio de Salud Metropolitano Oriente,13115,54,38220,14.1287
2024,19,Tasa de egresos hospitalarios por enfermedades isquémicas del corazón,comuna,12,Servicio de Salud Metropolitano Oriente,13115,56,38220,14.652
2024,20,Tasa de egresos hospitalarios por insuficiencia cardíaca,comuna,12,Servicio de Salud Metropolitano Oriente,13115,33,38220,8.6342
2024,21,Tasa de egresos hospitalarios por diabetes mellitus,comuna,12,Servicio de Salud Metropolitano Oriente,13115,33,38220,8.6342
2024,22,Tasa de egresos hospitalarios por amputación extremidad inferior en diabetes,comuna,12,Servicio de Salud Metropolitano Oriente,13115,13,38220,3.4014
2024,18,Tasa de egresos hospitalarios por enfermedad cerebrovascular,comuna,13,Servicio de Salud Metropolitano Sur,13116,145,80336,18.0492
2024,19,Tasa de egresos hospitalarios por enfermedades isquémicas del corazón,comuna,13,Servicio de Salud Metropolitano Sur,13116,132,80336,16.431
2024,20,Tasa de egresos hospitalarios por insuficiencia cardíaca,comuna,13,Servicio de Salud Metropolitano Sur,13116,91,80336,11.3274
2024,21,Tasa de egresos hospitalarios por diabetes mellitus,comuna,13,Servicio de Salud Metropolitano Sur,13116,90,80336,11.2029
2024,22,Tasa de egresos hospitalarios por amputación extremidad inferior en diabetes,comuna,13,Servicio de Salud Metropolitano Sur,13116,49,80336,6.0994
2024,18,Tasa de egresos hospitalarios por enfermedad cerebrovascular,comuna,10,Servicio de Salud Metropolitano Occidente,13117,172,105105,16.3646
2024,19,Tasa de egresos hospitalarios por enfermedades isquémicas del corazón,comuna,10,Servicio de Salud Metropolitano Occidente,13117,89,105105,8.4677
2024,20,Tasa de egresos hospitalarios por insuficiencia cardíaca,comuna,10,Servicio de Salud Metropolitano Occidente,13117,97,105105,9.2289
2024,21,Tasa de egresos hospitalarios por diabetes mellitus,comuna,10,Servicio de Salud Metropolitano Occidente,13117,124,105105,11.7977
2024,22,Tasa de egresos hospitalarios por amputación extremidad inferior en diabetes,comuna,10,Servicio de Salud Metropolitano Occidente,13117,19,105105,1.8077
2024,18,Tasa de egresos hospitalarios por enfermedad cerebrovascular,comuna,12,Servicio de Salud Metropolitano Oriente,13118,199,112389,17.7064
2024,19,Tasa de egresos hospitalarios por enfermedades isquémicas del corazón,comuna,12,Servicio de Salud Metropolitano Oriente,13118,162,112389,14.4142
2024,20,Tasa de egresos hospitalarios por insuficiencia cardíaca,comuna,12,Servicio de Salud Metropolitano Oriente,13118,135,112389,12.0119
2024,21,Tasa de egresos hospitalarios por diabetes mellitus,comuna,12,Servicio de Salud Metropolitano Oriente,13118,123,112389,10.9441
2024,22,Tasa de egresos hospitalarios por amputación extremidad inferior en diabetes,comuna,12,Servicio de Salud Metropolitano Oriente,13118,94,112389,8.3638
2024,18,Tasa de egresos hospitalarios por enfermedad cerebrovascular,comuna,11,Servicio de Salud Metropolitano Central,13119,684,311905,21.9298
2024,19,Tasa de egresos hospitalarios por enfermedades isquémicas del corazón,comuna,11,Servicio de Salud Metropolitano Central,13119,631,311905,20.2305
2024,20,Tasa de egresos hospitalarios por insuficiencia cardíaca,comuna,11,Servicio de Salud Metropolitano Central,13119,384,311905,12.3114
2024,21,Tasa de egresos hospitalarios por diabetes mellitus,comuna,11,Servicio de Salud Metropolitano Central,13119,344,311905,11.029
2024,22,Tasa de egresos hospitalarios por amputación extremidad inferior en diabetes,comuna,11,Servicio de Salud Metropolitano Central,13119,136,311905,4.3603
2024,18,Tasa de egresos hospitalarios por enfermedad cerebrovascular,comuna,12,Servicio de Salud Metropolitano Oriente,13120,257,103904,24.7344
2024,19,Tasa de egresos hospitalarios por enfermedades isquémicas del corazón,comuna,12,Servicio de Salud Metropolitano Oriente,13120,188,103904,18.0936
2024,20,Tasa de egresos hospitalarios por insuficiencia cardíaca,comuna,12,Servicio de Salud Metropolitano Oriente,13120,146,103904,14.0514
2024,21,Tasa de egresos hospitalarios por diabetes mellitus,comuna,12,Servicio de Salud Metropolitano Oriente,13120,95,103904,9.1431
2024,22,Tasa de egresos hospitalarios por amputación extremidad inferior en diabetes,comuna,12,Servicio de Salud Metropolitano Oriente,13120,86,103904,8.2769
2024,18,Tasa de egresos hospitalarios por enfermedad cerebrovascular,comuna,13,Servicio de Salud Metropolitano Sur,13121,157,92488,16.9752
2024,19,Tasa de egresos hospitalarios por enfermedades isquémicas del corazón,comuna,13,Servicio de Salud Metropolitano Sur,13121,141,92488,15.2452
2024,20,Tasa de egresos hospitalarios por insuficiencia cardíaca,comuna,13,Servicio de Salud Metropolitano Sur,13121,114,92488,12.3259
2024,21,Tasa de egresos hospitalarios por diabetes mellitus,comuna,13,Servicio de Salud Metropolitano Sur,13121,61,92488,6.5955
2024,22,Tasa de egresos hospitalarios por amputación extremidad inferior en diabetes,comuna,13,Servicio de Salud Metropolitano Sur,13121,58,92488,6.2711
2024,18,Tasa de egresos hospitalarios por enfermedad cerebrovascular,comuna,12,Servicio de Salud Metropolitano Oriente,13122,401,176398,22.7327
2024,19,Tasa de egresos hospitalarios por enfermedades isquémicas del corazón,comuna,12,Servicio de Salud Metropolitano Oriente,13122,295,176398,16.7235
2024,20,Tasa de egresos hospitalarios por insuficiencia cardíaca,comuna,12,Servicio de Salud Metropolitano Oriente,13122,250,176398,14.1725
2024,21,Tasa de egresos hospitalarios por diabetes mellitus,comuna,12,Servicio de Salud Metropolitano Oriente,13122,257,176398,14.5693
2024,22,Tasa de egresos hospitalarios por amputación extremidad inferior en diabetes,comuna,12,Servicio de Salud Metropolitano Oriente,13122,159,176398,9.0137
2024,18,Tasa de egresos hospitalarios por enfermedad cerebrovascular,comuna,12,Servicio de Salud Metropolitano Oriente,13123,155,75612,20.4994
2024,19,Tasa de egresos hospitalarios por enfermedades isquémicas del corazón,comuna,12,Servicio de Salud Metropolitano Oriente,13123,95,75612,12.5641
2024,20,Tasa de egresos hospitalarios por insuficiencia cardíaca,comuna,12,Servicio de Salud Metropolitano Oriente,13123,57,75612,7.5385
2024,21,Tasa de egresos hospitalarios por diabetes mellitus,comuna,12,Servicio de Salud Metropolitano Oriente,13123,27,75612,3.5709
2024,22,Tasa de egresos hospitalarios por amputación extremidad inferior en diabetes,comuna,12,Servicio de Salud Metropolitano Oriente,13123,49,75612,6.4805
2024,18,Tasa de egresos hospitalarios por enfermedad cerebrovascular,comuna,10,Servicio de Salud Metropolitano Occidente,13124,298,176135,16.9188
2024,19,Tasa de egresos hospitalarios por enfermedades isquémicas del corazón,comuna,10,Servicio de Salud Metropolitano Occidente,13124,229,176135,13.0014
2024,20,Tasa de egresos hospitalarios por insuficiencia cardíaca,comuna,10,Servicio de Salud Metropolitano Occidente,13124,162,176135,9.1975
2024,21,Tasa de egresos hospitalarios por diabetes mellitus,comuna,10,Servicio de Salud Metropolitano Occidente,13124,238,176135,13.5124
2024,22,Tasa de egresos hospitalarios por amputación extremidad inferior en diabetes,comuna,10,Servicio de Salud Metropolitano Occidente,13124,63,176135,3.5768
2024,18,Tasa de egresos hospitalarios por enfermedad cerebrovascular,comuna,09,Servicio de Salud Metropolitano Norte,13125,213,149010,14.2943
2024,19,Tasa de egresos hospitalarios por enfermedades isquémicas del corazón,comuna,09,Servicio de Salud Metropolitano Norte,13125,143,149010,9.5967
2024,20,Tasa de egresos hospitalarios por insuficiencia cardíaca,comuna,09,Servicio de Salud Metropolitano Norte,13125,98,149010,6.5767
2024,21,Tasa de egresos hospitalarios por diabetes mellitus,comuna,09,Servicio de Salud Metropolitano Norte,13125,112,149010,7.5163
2024,22,Tasa de egresos hospitalarios por amputación extremidad inferior en diabetes,comuna,09,Servicio de Salud Metropolitano Norte,13125,83,149010,5.5701
2024,18,Tasa de egresos hospitalarios por enfermedad cerebrovascular,comuna,10,Servicio de Salud Metropolitano Occidente,13126,225,94929,23.7019
2024,19,Tasa de egresos hospitalarios por enfermedades isquémicas del corazón,comuna,10,Servicio de Salud Metropolitano Occidente,13126,158,94929,16.644
2024,20,Tasa de egresos hospitalarios por insuficiencia cardíaca,comuna,10,Servicio de Salud Metropolitano Occidente,13126,161,94929,16.96
2024,21,Tasa de egresos hospitalarios por diabetes mellitus,comuna,10,Servicio de Salud Metropolitano Occidente,13126,136,94929,14.3265
2024,22,Tasa de egresos hospitalarios por amputación extremidad inferior en diabetes,comuna,10,Servicio de Salud Metropolitano Occidente,13126,36,94929,3.7923
2024,18,Tasa de egresos hospitalarios por enfermedad cerebrovascular,comuna,09,Servicio de Salud Metropolitano Norte,13127,251,124016,20.2393
2024,19,Tasa de egresos hospitalarios por enfermedades isquémicas del corazón,comuna,09,Servicio de Salud Metropolitano Norte,13127,175,124016,14.1111
2024,20,Tasa de egresos hospitalarios por insuficiencia cardíaca,comuna,09,Servicio de Salud Metropolitano Norte,13127,140,124016,11.2889
2024,21,Tasa de egresos hospitalarios por diabetes mellitus,comuna,09,Servicio de Salud Metropolitano Norte,13127,122,124016,9.8374
2024,22,Tasa de egresos hospitalarios por amputación extremidad inferior en diabetes,comuna,09,Servicio de Salud Metropolitano Norte,13127,104,124016,8.386
2024,18,Tasa de egresos hospitalarios por enfermedad cerebrovascular,comuna,10,Servicio de Salud Metropolitano Occidente,13128,330,115885,28.4765
2024,19,Tasa de egresos hospitalarios por enfermedades isquémicas del corazón,comuna,10,Servicio de Salud Metropolitano Occidente,13128,221,115885,19.0706
2024,20,Tasa de egresos hospitalarios por insuficiencia cardíaca,comuna,10,Servicio de Salud Metropolitano Occidente,13128,188,115885,16.223
2024,21,Tasa de egresos hospitalarios por diabetes mellitus,comuna,10,Servicio de Salud Metropolitano Occidente,13128,191,115885,16.4819
2024,22,Tasa de egresos hospitalarios por amputación extremidad inferior en diabetes,comuna,10,Servicio de Salud Metropolitano Occidente,13128,67,115885,5.7816
2024,18,Tasa de egresos hospitalarios por enfermedad cerebrovascular,comuna,13,Servicio de Salud Metropolitano Sur,13129,160,83052,19.265
2024,19,Tasa de egresos hospitalarios por enfermedades isquémicas del corazón,comuna,13,Servicio de Salud Metropolitano Sur,13129,124,83052,14.9304
2024,20,Tasa de egresos hospitalarios por insuficiencia cardíaca,comuna,13,Servicio de Salud Metropolitano Sur,13129,120,83052,14.4488
2024,21,Tasa de egresos hospitalarios por diabetes mellitus,comuna,13,Servicio de Salud Metropolitano Sur,13129,61,83052,7.3448
2024,22,Tasa de egresos hospitalarios por amputación extremidad inferior en diabetes,comuna,13,Servicio de Salud Metropolitano Sur,13129,66,83052,7.9468
2024,18,Tasa de egresos hospitalarios por enfermedad cerebrovascular,comuna,13,Servicio de Salud Metropolitano Sur,13130,111,95058,11.6771
2024,19,Tasa de egresos hospitalarios por enfermedades isquémicas del corazón,comuna,13,Servicio de Salud Metropolitano Sur,13130,105,95058,11.0459
2024,20,Tasa de egresos hospitalarios por insuficiencia cardíaca,comuna,13,Servicio de Salud Metropolitano Sur,13130,95,95058,9.9939
2024,21,Tasa de egresos hospitalarios por diabetes mellitus,comuna,13,Servicio de Salud Metropolitano Sur,13130,55,95058,5.7859
2024,22,Tasa de egresos hospitalarios por amputación extremidad inferior en diabetes,comuna,13,Servicio de Salud Metropolitano Sur,13130,53,95058,5.5755
2024,18,Tasa de egresos hospitalarios por enfermedad cerebrovascular,comuna,14,Servicio de Salud Metropolitano Sur Oriente,13131,171,69948,24.4467
2024,19,Tasa de egresos hospitalarios por enfermedades isquémicas del corazón,comuna,14,Servicio de Salud Metropolitano Sur Oriente,13131,177,69948,25.3045
2024,20,Tasa de egresos hospitalarios por insuficiencia cardíaca,comuna,14,Servicio de Salud Metropolitano Sur Oriente,13131,75,69948,10.7223
2024,21,Tasa de egresos hospitalarios por diabetes mellitus,comuna,14,Servicio de Salud Metropolitano Sur Oriente,13131,64,69948,9.1497
2024,22,Tasa de egresos hospitalarios por amputación extremidad inferior en diabetes,comuna,14,Servicio de Salud Metropolitano Sur Oriente,13131,129,69948,18.4423
2024,18,Tasa de egresos hospitalarios por enfermedad cerebrovascular,comuna,12,Servicio de Salud Metropolitano Oriente,13132,37,20250,18.2716
2024,19,Tasa de egresos hospitalarios por enfermedades isquémicas del corazón,comuna,12,Servicio de Salud Metropolitano Oriente,13132,29,20250,14.321
2024,20,Tasa de egresos hospitalarios por insuficiencia cardíaca,comuna,12,Servicio de Salud Metropolitano Oriente,13132,31,20250,15.3086
2024,21,Tasa de egresos hospitalarios por diabetes mellitus,comuna,12,Servicio de Salud Metropolitano Oriente,13132,7,20250,3.4568
2024,22,Tasa de egresos hospitalarios por amputación extremidad inferior en diabetes,comuna,12,Servicio de Salud Metropolitano Oriente,13132,30,20250,14.8148
2024,18,Tasa de egresos hospitalarios por enfermedad cerebrovascular,comuna,14,Servicio de Salud Metropolitano Sur Oriente,13201,858,368013,23.3144
2024,19,Tasa de egresos hospitalarios por enfermedades isquémicas del corazón,comuna,14,Servicio de Salud Metropolitano Sur Oriente,13201,1189,368013,32.3086
2024,20,Tasa de egresos hospitalarios por insuficiencia cardíaca,comuna,14,Servicio de Salud Metropolitano Sur Oriente,13201,716,368013,19.4558
2024,21,Tasa de egresos hospitalarios por diabetes mellitus,comuna,14,Servicio de Salud Metropolitano Sur Oriente,13201,332,368013,9.0214
2024,22,Tasa de egresos hospitalarios por amputación extremidad inferior en diabetes,comuna,14,Servicio de Salud Metropolitano Sur Oriente,13201,329,368013,8.9399
2024,18,Tasa de egresos hospitalarios por enfermedad cerebrovascular,comuna,14,Servicio de Salud Metropolitano Sur Oriente,13202,27,21452,12.5862
2024,19,Tasa de egresos hospitalarios por enfermedades isquémicas del corazón,comuna,14,Servicio de Salud Metropolitano Sur Oriente,13202,46,21452,21.4432
2024,20,Tasa de egresos hospitalarios por insuficiencia cardíaca,comuna,14,Servicio de Salud Metropolitano Sur Oriente,13202,21,21452,9.7893
2024,21,Tasa de egresos hospitalarios por diabetes mellitus,comuna,14,Servicio de Salud Metropolitano Sur Oriente,13202,13,21452,6.06
2024,22,Tasa de egresos hospitalarios por amputación extremidad inferior en diabetes,comuna,14,Servicio de Salud Metropolitano Sur Oriente,13202,23,21452,10.7216
2024,18,Tasa de egresos hospitalarios por enfermedad cerebrovascular,comuna,14,Servicio de Salud Metropolitano Sur Oriente,13203,30,9994,30.018
2024,19,Tasa de egresos hospitalarios por enfermedades isquémicas del corazón,comuna,14,Servicio de Salud Metropolitano Sur Oriente,13203,38,9994,38.0228
2024,20,Tasa de egresos hospitalarios por insuficiencia cardíaca,comuna,14,Servicio de Salud Metropolitano Sur Oriente,13203,36,9994,36.0216
2024,21,Tasa de egresos hospitalarios por diabetes mellitus,comuna,14,Servicio de Salud Metropolitano Sur Oriente,13203,15,9994,15.009
2024,22,Tasa de egresos hospitalarios por amputación extremidad inferior en diabetes,comuna,14,Servicio de Salud Metropolitano Sur Oriente,13203,5,9994,5.003
2024,18,Tasa de egresos hospitalarios por enfermedad cerebrovascular,comuna,09,Servicio de Salud Metropolitano Norte,13301,115,96044,11.9737
2024,19,Tasa de egresos hospitalarios por enfermedades isquémicas del corazón,comuna,09,Servicio de Salud Metropolitano Norte,13301,103,96044,10.7243
2024,20,Tasa de egresos hospitalarios por insuficiencia cardíaca,comuna,09,Servicio de Salud Metropolitano Norte,13301,64,96044,6.6636
2024,21,Tasa de egresos hospitalarios por diabetes mellitus,comuna,09,Servicio de Salud Metropolitano Norte,13301,65,96044,6.7677
2024,22,Tasa de egresos hospitalarios por amputación extremidad inferior en diabetes,comuna,09,Servicio de Salud Metropolitano Norte,13301,49,96044,5.1018
2024,18,Tasa de egresos hospitalarios por enfermedad cerebrovascular,comuna,09,Servicio de Salud Metropolitano Norte,13302,95,68956,13.7769
2024,19,Tasa de egresos hospitalarios por enfermedades isquémicas del corazón,comuna,09,Servicio de Salud Metropolitano Norte,13302,80,68956,11.6016
2024,20,Tasa de egresos hospitalarios por insuficiencia cardíaca,comuna,09,Servicio de Salud Metropolitano Norte,13302,57,68956,8.2661
2024,21,Tasa de egresos hospitalarios por diabetes mellitus,comuna,09,Servicio de Salud Metropolitano Norte,13302,52,68956,7.541
2024,22,Tasa de egresos hospitalarios por amputación extremidad inferior en diabetes,comuna,09,Servicio de Salud Metropolitano Norte,13302,56,68956,8.1211
2024,18,Tasa de egresos hospitalarios por enfermedad cerebrovascular,comuna,09,Servicio de Salud Metropolitano Norte,13303,33,14335,23.0206
2024,19,Tasa de egresos hospitalarios por enfermedades isquémicas del corazón,comuna,09,Servicio de Salud Metropolitano Norte,13303,35,14335,24.4158
2024,20,Tasa de egresos hospitalarios por insuficiencia cardíaca,comuna,09,Servicio de Salud Metropolitano Norte,13303,35,14335,24.4158
2024,21,Tasa de egresos hospitalarios por diabetes mellitus,comuna,09,Servicio de Salud Metropolitano Norte,13303,16,14335,11.1615
2024,22,Tasa de egresos hospitalarios por amputación extremidad inferior en diabetes,comuna,09,Servicio de Salud Metropolitano Norte,13303,15,14335,10.4639
2024,18,Tasa de egresos hospitalarios por enfermedad cerebrovascular,comuna,13,Servicio de Salud Metropolitano Sur,13401,373,214021,17.4282
2024,19,Tasa de egresos hospitalarios por enfermedades isquémicas del corazón,comuna,13,Servicio de Salud Metropolitano Sur,13401,375,214021,17.5216
2024,20,Tasa de egresos hospitalarios por insuficiencia cardíaca,comuna,13,Servicio de Salud Metropolitano Sur,13401,203,214021,9.4851
2024,21,Tasa de egresos hospitalarios por diabetes mellitus,comuna,13,Servicio de Salud Metropolitano Sur,13401,279,214021,13.0361
2024,22,Tasa de egresos hospitalarios por amputación extremidad inferior en diabetes,comuna,13,Servicio de Salud Metropolitano Sur,13401,135,214021,6.3078
2024,18,Tasa de egresos hospitalarios por enfermedad cerebrovascular,comuna,13,Servicio de Salud Metropolitano Sur,13402,132,81740,16.1488
2024,19,Tasa de egresos hospitalarios por enfermedades isquémicas del corazón,comuna,13,Servicio de Salud Metropolitano Sur,13402,129,81740,15.7817
2024,20,Tasa de egresos hospitalarios por insuficiencia cardíaca,comuna,13,Servicio de Salud Metropolitano Sur,13402,101,81740,12.3563
2024,21,Tasa de egresos hospitalarios por diabetes mellitus,comuna,13,Servicio de Salud Metropolitano Sur,13402,83,81740,10.1541
2024,22,Tasa de egresos hospitalarios por amputación extremidad inferior en diabetes,comuna,13,Servicio de Salud Metropolitano Sur,13402,60,81740,7.3403
2024,18,Tasa de egresos hospitalarios por enfermedad cerebrovascular,comuna,13,Servicio de Salud Metropolitano Sur,13403,21,17017,12.3406
2024,19,Tasa de egresos hospitalarios por enfermedades isquémicas del corazón,comuna,13,Servicio de Salud Metropolitano Sur,13403,22,17017,12.9282
2024,20,Tasa de egresos hospitalarios por insuficiencia cardíaca,comuna,13,Servicio de Salud Metropolitano Sur,13403,7,17017,4.1135
2024,21,Tasa de egresos hospitalarios por diabetes mellitus,comuna,13,Servicio de Salud Metropolitano Sur,13403,9,17017,5.2888
2024,22,Tasa de egresos hospitalarios por amputación extremidad inferior en diabetes,comuna,13,Servicio de Salud Metropolitano Sur,13403,16,17017,9.4024
2024,18,Tasa de egresos hospitalarios por enfermedad cerebrovascular,comuna,13,Servicio de Salud Metropolitano Sur,13404,104,60869,17.0859
2024,19,Tasa de egresos hospitalarios por enfermedades isquémicas del corazón,comuna,13,Servicio de Salud Metropolitano Sur,13404,82,60869,13.4716
2024,20,Tasa de egresos hospitalarios por insuficiencia cardíaca,comuna,13,Servicio de Salud Metropolitano Sur,13404,51,60869,8.3786
2024,21,Tasa de egresos hospitalarios por diabetes mellitus,comuna,13,Servicio de Salud Metropolitano Sur,13404,60,60869,9.8572
2024,22,Tasa de egresos hospitalarios por amputación extremidad inferior en diabetes,comuna,13,Servicio de Salud Metropolitano Sur,13404,35,60869,5.7501
2024,18,Tasa de egresos hospitalarios por enfermedad cerebrovascular,comuna,10,Servicio de Salud Metropolitano Occidente,13501,213,106996,19.9073
2024,19,Tasa de egresos hospitalarios por enfermedades isquémicas del corazón,comuna,10,Servicio de Salud Metropolitano Occidente,13501,183,106996,17.1034
2024,20,Tasa de egresos hospitalarios por insuficiencia cardíaca,comuna,10,Servicio de Salud Metropolitano Occidente,13501,83,106996,7.7573
2024,21,Tasa de egresos hospitalarios por diabetes mellitus,comuna,10,Servicio de Salud Metropolitano Occidente,13501,151,106996,14.1127
2024,22,Tasa de egresos hospitalarios por amputación extremidad inferior en diabetes,comuna,10,Servicio de Salud Metropolitano Occidente,13501,48,106996,4.4861
2024,18,Tasa de egresos hospitalarios por enfermedad cerebrovascular,comuna,10,Servicio de Salud Metropolitano Occidente,13502,6,7632,7.8616
2024,19,Tasa de egresos hospitalarios por enfermedades isquémicas del corazón,comuna,10,Servicio de Salud Metropolitano Occidente,13502,7,7632,9.1719
2024,20,Tasa de egresos hospitalarios por insuficiencia cardíaca,comuna,10,Servicio de Salud Metropolitano Occidente,13502,5,7632,6.5514
2024,21,Tasa de egresos hospitalarios por diabetes mellitus,comuna,10,Servicio de Salud Metropolitano Occidente,13502,3,7632,3.9308
2024,22,Tasa de egresos hospitalarios por amputación extremidad inferior en diabetes,comuna,10,Servicio de Salud Metropolitano Occidente,13502,1,7632,1.3103
2024,18,Tasa de egresos hospitalarios por enfermedad cerebrovascular,comuna,10,Servicio de Salud Metropolitano Occidente,13503,78,23087,33.7852
2024,19,Tasa de egresos hospitalarios por enfermedades isquémicas del corazón,comuna,10,Servicio de Salud Metropolitano Occidente,13503,52,23087,22.5235
2024,20,Tasa de egresos hospitalarios por insuficiencia cardíaca,comuna,10,Servicio de Salud Metropolitano Occidente,13503,33,23087,14.2938
2024,21,Tasa de egresos hospitalarios por diabetes mellitus,comuna,10,Servicio de Salud Metropolitano Occidente,13503,57,23087,24.6892
2024,22,Tasa de egresos hospitalarios por amputación extremidad inferior en diabetes,comuna,10,Servicio de Salud Metropolitano Occidente,13503,15,23087,6.4972
2024,18,Tasa de egresos hospitalarios por enfermedad cerebrovascular,comuna,10,Servicio de Salud Metropolitano Occidente,13504,9,13131,6.854
2024,19,Tasa de egresos hospitalarios por enfermedades isquémicas del corazón,comuna,10,Servicio de Salud Metropolitano Occidente,13504,16,13131,12.1849
2024,20,Tasa de egresos hospitalarios por insuficiencia cardíaca,comuna,10,Servicio de Salud Metropolitano Occidente,13504,10,13131,7.6156
2024,21,Tasa de egresos hospitalarios por diabetes mellitus,comuna,10,Servicio de Salud Metropolitano Occidente,13504,7,13131,5.3309
2024,22,Tasa de egresos hospitalarios por amputación extremidad inferior en diabetes,comuna,10,Servicio de Salud Metropolitano Occidente,13504,5,13131,3.8078
2024,18,Tasa de egresos hospitalarios por enfermedad cerebrovascular,comuna,10,Servicio de Salud Metropolitano Occidente,13505,8,10948,7.3073
2024,19,Tasa de egresos hospitalarios por enfermedades isquémicas del corazón,comuna,10,Servicio de Salud Metropolitano Occidente,13505,9,10948,8.2207
2024,20,Tasa de egresos hospitalarios por insuficiencia cardíaca,comuna,10,Servicio de Salud Metropolitano Occidente,13505,4,10948,3.6536
2024,21,Tasa de egresos hospitalarios por diabetes mellitus,comuna,10,Servicio de Salud Metropolitano Occidente,13505,5,10948,4.567
2024,22,Tasa de egresos hospitalarios por amputación extremidad inferior en diabetes,comuna,10,Servicio de Salud Metropolitano Occidente,13505,3,10948,2.7402
2024,18,Tasa de egresos hospitalarios por enfermedad cerebrovascular,comuna,10,Servicio de Salud Metropolitano Occidente,13601,137,52754,25.9696
2024,19,Tasa de egresos hospitalarios por enfermedades isquémicas del corazón,comuna,10,Servicio de Salud Metropolitano Occidente,13601,125,52754,23.6949
2024,20,Tasa de egresos hospitalarios por insuficiencia cardíaca,comuna,10,Servicio de Salud Metropolitano Occidente,13601,64,52754,12.1318
2024,21,Tasa de egresos hospitalarios por diabetes mellitus,comuna,10,Servicio de Salud Metropolitano Occidente,13601,118,52754,22.368
2024,22,Tasa de egresos hospitalarios por amputación extremidad inferior en diabetes,comuna,10,Servicio de Salud Metropolitano Occidente,13601,12,52754,2.2747
2024,18,Tasa de egresos hospitalarios por enfermedad cerebrovascular,comuna,10,Servicio de Salud Metropolitano Occidente,13602,67,28881,23.1986
2024,19,Tasa de egresos hospitalarios por enfermedades isquémicas del corazón,comuna,10,Servicio de Salud Metropolitano Occidente,13602,56,28881,19.3899
2024,20,Tasa de egresos hospitalarios por insuficiencia cardíaca,comuna,10,Servicio de Salud Metropolitano Occidente,13602,25,28881,8.6562
2024,21,Tasa de egresos hospitalarios por diabetes mellitus,comuna,10,Servicio de Salud Metropolitano Occidente,13602,36,28881,12.4649
2024,22,Tasa de egresos hospitalarios por amputación extremidad inferior en diabetes,comuna,10,Servicio de Salud Metropolitano Occidente,13602,9,28881,3.1162
2024,18,Tasa de egresos hospitalarios por enfermedad cerebrovascular,comuna,10,Servicio de Salud Metropolitano Occidente,13603,63,29710,21.205
2024,19,Tasa de egresos hospitalarios por enfermedades isquémicas del corazón,comuna,10,Servicio de Salud Metropolitano Occidente,13603,51,29710,17.1659
2024,20,Tasa de egresos hospitalarios por insuficiencia cardíaca,comuna,10,Servicio de Salud Metropolitano Occidente,13603,25,29710,8.4147
2024,21,Tasa de egresos hospitalarios por diabetes mellitus,comuna,10,Servicio de Salud Metropolitano Occidente,13603,40,29710,13.4635
2024,22,Tasa de egresos hospitalarios por amputación extremidad inferior en diabetes,comuna,10,Servicio de Salud Metropolitano Occidente,13603,7,29710,2.3561
2024,18,Tasa de egresos hospitalarios por enfermedad cerebrovascular,comuna,10,Servicio de Salud Metropolitano Occidente,13604,93,49784,18.6807
2024,19,Tasa de egresos hospitalarios por enfermedades isquémicas del corazón,comuna,10,Servicio de Salud Metropolitano Occidente,13604,78,49784,15.6677
2024,20,Tasa de egresos hospitalarios por insuficiencia cardíaca,comuna,10,Servicio de Salud Metropolitano Occidente,13604,44,49784,8.8382
2024,21,Tasa de egresos hospitalarios por diabetes mellitus,comuna,10,Servicio de Salud Metropolitano Occidente,13604,62,49784,12.4538
2024,22,Tasa de egresos hospitalarios por amputación extremidad inferior en diabetes,comuna,10,Servicio de Salud Metropolitano Occidente,13604,14,49784,2.8121
2024,18,Tasa de egresos hospitalarios por enfermedad cerebrovascular,comuna,10,Servicio de Salud Metropolitano Occidente,13605,200,70090,28.5347
2024,19,Tasa de egresos hospitalarios por enfermedades isquémicas del corazón,comuna,10,Servicio de Salud Metropolitano Occidente,13605,134,70090,19.1183
2024,20,Tasa de egresos hospitalarios por insuficiencia cardíaca,comuna,10,Servicio de Salud Metropolitano Occidente,13605,88,70090,12.5553
2024,21,Tasa de egresos hospitalarios por diabetes mellitus,comuna,10,Servicio de Salud Metropolitano Occidente,13605,64,70090,9.1311
2024,22,Tasa de egresos hospitalarios por amputación extremidad inferior en diabetes,comuna,10,Servicio de Salud Metropolitano Occidente,13605,20,70090,2.8535
2024,18,Tasa de egresos hospitalarios por enfermedad cerebrovascular,servicio_salud,09,Servicio de Salud Metropolitano Norte,,1167,716599,16.2853
2024,19,Tasa de egresos hospitalarios por enfermedades isquémicas del corazón,servicio_salud,09,Servicio de Salud Metropolitano Norte,,897,716599,12.5175
2024,20,Tasa de egresos hospitalarios por insuficiencia cardíaca,servicio_salud,09,Servicio de Salud Metropolitano Norte,,637,716599,8.8892
2024,21,Tasa de egresos hospitalarios por diabetes mellitus,servicio_salud,09,Servicio de Salud Metropolitano Norte,,564,716599,7.8705
2024,22,Tasa de egresos hospitalarios por amputación extremidad inferior en diabetes,servicio_salud,09,Servicio de Salud Metropolitano Norte,,465,716599,6.489
2024,18,Tasa de egresos hospitalarios por enfermedad cerebrovascular,servicio_salud,10,Servicio de Salud Metropolitano Occidente,,2218,991462,22.371
2024,19,Tasa de egresos hospitalarios por enfermedades isquémicas del corazón,servicio_salud,10,Servicio de Salud Metropolitano Occidente,,1602,991462,16.158
2024,20,Tasa de egresos hospitalarios por insuficiencia cardíaca,servicio_salud,10,Servicio de Salud Metropolitano Occidente,,1206,991462,12.1639
2024,21,Tasa de egresos hospitalarios por diabetes mellitus,servicio_salud,10,Servicio de Salud Metropolitano Occidente,,1398,991462,14.1004
2024,22,Tasa de egresos hospitalarios por amputación extremidad inferior en diabetes,servicio_salud,10,Servicio de Salud Metropolitano Occidente,,356,991462,3.5907
2024,18,Tasa de egresos hospitalarios por enfermedad cerebrovascular,servicio_salud,11,Servicio de Salud Metropolitano Central,,1561,775709,20.1235
2024,19,Tasa de egresos hospitalarios por enfermedades isquémicas del corazón,servicio_salud,11,Servicio de Salud Metropolitano Central,,1532,775709,19.7497
2024,20,Tasa de egresos hospitalarios por insuficiencia cardíaca,servicio_salud,11,Servicio de Salud Metropolitano Central,,908,775709,11.7054
2024,21,Tasa de egresos hospitalarios por diabetes mellitus,servicio_salud,11,Servicio de Salud Metropolitano Central,,689,775709,8.8822
2024,22,Tasa de egresos hospitalarios por amputación extremidad inferior en diabetes,servicio_salud,11,Servicio de Salud Metropolitano Central,,407,775709,5.2468
2024,18,Tasa de egresos hospitalarios por enfermedad cerebrovascular,servicio_salud,12,Servicio de Salud Metropolitano Oriente,,1420,658855,21.5525
2024,19,Tasa de egresos hospitalarios por enfermedades isquémicas del corazón,servicio_salud,12,Servicio de Salud Metropolitano Oriente,,1099,658855,16.6805
2024,20,Tasa de egresos hospitalarios por insuficiencia cardíaca,servicio_salud,12,Servicio de Salud Metropolitano Oriente,,820,658855,12.4458
2024,21,Tasa de egresos hospitalarios por diabetes mellitus,servicio_salud,12,Servicio de Salud Metropolitano Oriente,,621,658855,9.4254
2024,22,Tasa de egresos hospitalarios por amputación extremidad inferior en diabetes,servicio_salud,12,Servicio de Salud Metropolitano Oriente,,530,658855,8.0443
2024,18,Tasa de egresos hospitalarios por enfermedad cerebrovascular,servicio_salud,13,Servicio de Salud Metropolitano Sur,,1612,940953,17.1316
2024,19,Tasa de egresos hospitalarios por enfermedades isquémicas del corazón,servicio_salud,13,Servicio de Salud Metropolitano Sur,,1469,940953,15.6118
2024,20,Tasa de egresos hospitalarios por insuficiencia cardíaca,servicio_salud,13,Servicio de Salud Metropolitano Sur,,1064,940953,11.3077
2024,21,Tasa de egresos hospitalarios por diabetes mellitus,servicio_salud,13,Servicio de Salud Metropolitano Sur,,941,940953,10.0005
2024,22,Tasa de egresos hospitalarios por amputación extremidad inferior en diabetes,servicio_salud,13,Servicio de Salud Metropolitano Sur,,591,940953,6.2809
2024,18,Tasa de egresos hospitalarios por enfermedad cerebrovascular,servicio_salud,14,Servicio de Salud Metropolitano Sur Oriente,,2212,1025016,21.5802
2024,19,Tasa de egresos hospitalarios por enfermedades isquémicas del corazón,servicio_salud,14,Servicio de Salud Metropolitano Sur Oriente,,3024,1025016,29.502
2024,20,Tasa de egresos hospitalarios por insuficiencia cardíaca,servicio_salud,14,Servicio de Salud Metropolitano Sur Oriente,,1440,1025016,14.0486
2024,21,Tasa de egresos hospitalarios por diabetes mellitus,servicio_salud,14,Servicio de Salud Metropolitano Sur Oriente,,922,1025016,8.995
2024,22,Tasa de egresos hospitalarios por amputación extremidad inferior en diabetes,servicio_salud,14,Servicio de Salud Metropolitano Sur Oriente,,1093,1025016,10.6632
2024,18,Tasa de egresos hospitalarios por enfermedad cerebrovascular,rm,,,,10190,5108594,19.9468
2024,19,Tasa de egresos hospitalarios por enfermedades isquémicas del corazón,rm,,,,9623,5108594,18.8369
2024,20,Tasa de egresos hospitalarios por insuficiencia cardíaca,rm,,,,6075,5108594,11.8917
2024,21,Tasa de egresos hospitalarios por diabetes mellitus,rm,,,,5135,5108594,10.0517
2024,22,Tasa de egresos hospitalarios por amputación extremidad inferior en diabetes,rm,,,,3442,5108594,6.7377
2025,18,Tasa de egresos hospitalarios por enfermedad cerebrovascular,comuna,11,Servicio de Salud Metropolitano Central,13101,642,313832,20.4568
2025,19,Tasa de egresos hospitalarios por enfermedades isquémicas del corazón,comuna,11,Servicio de Salud Metropolitano Central,13101,633,313832,20.17
2025,20,Tasa de egresos hospitalarios por insuficiencia cardíaca,comuna,11,Servicio de Salud Metropolitano Central,13101,303,313832,9.6548
2025,21,Tasa de egresos hospitalarios por diabetes mellitus,comuna,11,Servicio de Salud Metropolitano Central,13101,240,313832,7.6474
2025,22,Tasa de egresos hospitalarios por amputación extremidad inferior en diabetes,comuna,11,Servicio de Salud Metropolitano Central,13101,248,313832,7.9023
2025,18,Tasa de egresos hospitalarios por enfermedad cerebrovascular,comuna,11,Servicio de Salud Metropolitano Central,13102,130,56977,22.8162
2025,19,Tasa de egresos hospitalarios por enfermedades isquémicas del corazón,comuna,11,Servicio de Salud Metropolitano Central,13102,120,56977,21.0611
2025,20,Tasa de egresos hospitalarios por insuficiencia cardíaca,comuna,11,Servicio de Salud Metropolitano Central,13102,77,56977,13.5142
2025,21,Tasa de egresos hospitalarios por diabetes mellitus,comuna,11,Servicio de Salud Metropolitano Central,13102,70,56977,12.2857
2025,22,Tasa de egresos hospitalarios por amputación extremidad inferior en diabetes,comuna,11,Servicio de Salud Metropolitano Central,13102,26,56977,4.5632
2025,18,Tasa de egresos hospitalarios por enfermedad cerebrovascular,comuna,10,Servicio de Salud Metropolitano Occidente,13103,352,107084,32.8714
2025,19,Tasa de egresos hospitalarios por enfermedades isquémicas del corazón,comuna,10,Servicio de Salud Metropolitano Occidente,13103,214,107084,19.9843
2025,20,Tasa de egresos hospitalarios por insuficiencia cardíaca,comuna,10,Servicio de Salud Metropolitano Occidente,13103,179,107084,16.7158
2025,21,Tasa de egresos hospitalarios por diabetes mellitus,comuna,10,Servicio de Salud Metropolitano Occidente,13103,171,107084,15.9688
2025,22,Tasa de egresos hospitalarios por amputación extremidad inferior en diabetes,comuna,10,Servicio de Salud Metropolitano Occidente,13103,33,107084,3.0817
2025,18,Tasa de egresos hospitalarios por enfermedad cerebrovascular,comuna,09,Servicio de Salud Metropolitano Norte,13104,216,107355,20.1202
2025,19,Tasa de egresos hospitalarios por enfermedades isquémicas del corazón,comuna,09,Servicio de Salud Metropolitano Norte,13104,177,107355,16.4874
2025,20,Tasa de egresos hospitalarios por insuficiencia cardíaca,comuna,09,Servicio de Salud Metropolitano Norte,13104,103,107355,9.5943
2025,21,Tasa de egresos hospitalarios por diabetes mellitus,comuna,09,Servicio de Salud Metropolitano Norte,13104,92,107355,8.5697
2025,22,Tasa de egresos hospitalarios por amputación extremidad inferior en diabetes,comuna,09,Servicio de Salud Metropolitano Norte,13104,69,107355,6.4273
2025,18,Tasa de egresos hospitalarios por enfermedad cerebrovascular,comuna,13,Servicio de Salud Metropolitano Sur,13105,269,147868,18.1919
2025,19,Tasa de egresos hospitalarios por enfermedades isquémicas del corazón,comuna,13,Servicio de Salud Metropolitano Sur,13105,234,147868,15.8249
2025,20,Tasa de egresos hospitalarios por insuficiencia cardíaca,comuna,13,Servicio de Salud Metropolitano Sur,13105,206,147868,13.9313
2025,21,Tasa de egresos hospitalarios por diabetes mellitus,comuna,13,Servicio de Salud Metropolitano Sur,13105,211,147868,14.2695
2025,22,Tasa de egresos hospitalarios por amputación extremidad inferior en diabetes,comuna,13,Servicio de Salud Metropolitano Sur,13105,70,147868,4.734
2025,18,Tasa de egresos hospitalarios por enfermedad cerebrovascular,comuna,11,Servicio de Salud Metropolitano Central,13106,231,111715,20.6776
2025,19,Tasa de egresos hospitalarios por enfermedades isquémicas del corazón,comuna,11,Servicio de Salud Metropolitano Central,13106,236,111715,21.1252
2025,20,Tasa de egresos hospitalarios por insuficiencia cardíaca,comuna,11,Servicio de Salud Metropolitano Central,13106,149,111715,13.3375
2025,21,Tasa de egresos hospitalarios por diabetes mellitus,comuna,11,Servicio de Salud Metropolitano Central,13106,86,111715,7.6982
2025,22,Tasa de egresos hospitalarios por amputación extremidad inferior en diabetes,comuna,11,Servicio de Salud Metropolitano Central,13106,78,111715,6.9821
2025,18,Tasa de egresos hospitalarios por enfermedad cerebrovascular,comuna,09,Servicio de Salud Metropolitano Norte,13107,119,65433,18.1865
2025,19,Tasa de egresos hospitalarios por enfermedades isquémicas del corazón,comuna,09,Servicio de Salud Metropolitano Norte,13107,78,65433,11.9206
2025,20,Tasa de egresos hospitalarios por insuficiencia cardíaca,comuna,09,Servicio de Salud Metropolitano Norte,13107,67,65433,10.2395
2025,21,Tasa de egresos hospitalarios por diabetes mellitus,comuna,09,Servicio de Salud Metropolitano Norte,13107,62,65433,9.4753
2025,22,Tasa de egresos hospitalarios por amputación extremidad inferior en diabetes,comuna,09,Servicio de Salud Metropolitano Norte,13107,54,65433,8.2527
2025,18,Tasa de egresos hospitalarios por enfermedad cerebrovascular,comuna,09,Servicio de Salud Metropolitano Norte,13108,156,97410,16.0148
2025,19,Tasa de egresos hospitalarios por enfermedades isquémicas del corazón,comuna,09,Servicio de Salud Metropolitano Norte,13108,122,97410,12.5244
2025,20,Tasa de egresos hospitalarios por insuficiencia cardíaca,comuna,09,Servicio de Salud Metropolitano Norte,13108,71,97410,7.2888
2025,21,Tasa de egresos hospitalarios por diabetes mellitus,comuna,09,Servicio de Salud Metropolitano Norte,13108,79,97410,8.1101
2025,22,Tasa de egresos hospitalarios por amputación extremidad inferior en diabetes,comuna,09,Servicio de Salud Metropolitano Norte,13108,47,97410,4.825
2025,18,Tasa de egresos hospitalarios por enfermedad cerebrovascular,comuna,13,Servicio de Salud Metropolitano Sur,13109,138,72226,19.1067
2025,19,Tasa de egresos hospitalarios por enfermedades isquémicas del corazón,comuna,13,Servicio de Salud Metropolitano Sur,13109,121,72226,16.753
2025,20,Tasa de egresos hospitalarios por insuficiencia cardíaca,comuna,13,Servicio de Salud Metropolitano Sur,13109,72,72226,9.9687
2025,21,Tasa de egresos hospitalarios por diabetes mellitus,comuna,13,Servicio de Salud Metropolitano Sur,13109,53,72226,7.3381
2025,22,Tasa de egresos hospitalarios por amputación extremidad inferior en diabetes,comuna,13,Servicio de Salud Metropolitano Sur,13109,59,72226,8.1688
2025,18,Tasa de egresos hospitalarios por enfermedad cerebrovascular,comuna,14,Servicio de Salud Metropolitano Sur Oriente,13110,525,316265,16.6
2025,19,Tasa de egresos hospitalarios por enfermedades isquémicas del corazón,comuna,14,Servicio de Salud Metropolitano Sur Oriente,13110,1042,316265,32.9471
2025,20,Tasa de egresos hospitalarios por insuficiencia cardíaca,comuna,14,Servicio de Salud Metropolitano Sur Oriente,13110,399,316265,12.616
2025,21,Tasa de egresos hospitalarios por diabetes mellitus,comuna,14,Servicio de Salud Metropolitano Sur Oriente,13110,236,316265,7.4621
2025,22,Tasa de egresos hospitalarios por amputación extremidad inferior en diabetes,comuna,14,Servicio de Salud Metropolitano Sur Oriente,13110,278,316265,8.7901
2025,18,Tasa de egresos hospitalarios por enfermedad cerebrovascular,comuna,14,Servicio de Salud Metropolitano Sur Oriente,13111,237,114254,20.7433
2025,19,Tasa de egresos hospitalarios por enfermedades isquémicas del corazón,comuna,14,Servicio de Salud Metropolitano Sur Oriente,13111,276,114254,24.1567
2025,20,Tasa de egresos hospitalarios por insuficiencia cardíaca,comuna,14,Servicio de Salud Metropolitano Sur Oriente,13111,108,114254,9.4526
2025,21,Tasa de egresos hospitalarios por diabetes mellitus,comuna,14,Servicio de Salud Metropolitano Sur Oriente,13111,79,114254,6.9144
2025,22,Tasa de egresos hospitalarios por amputación extremidad inferior en diabetes,comuna,14,Servicio de Salud Metropolitano Sur Oriente,13111,233,114254,20.3932
2025,18,Tasa de egresos hospitalarios por enfermedad cerebrovascular,comuna,14,Servicio de Salud Metropolitano Sur Oriente,13112,342,134197,25.4849
2025,19,Tasa de egresos hospitalarios por enfermedades isquémicas del corazón,comuna,14,Servicio de Salud Metropolitano Sur Oriente,13112,368,134197,27.4224
2025,20,Tasa de egresos hospitalarios por insuficiencia cardíaca,comuna,14,Servicio de Salud Metropolitano Sur Oriente,13112,156,134197,11.6247
2025,21,Tasa de egresos hospitalarios por diabetes mellitus,comuna,14,Servicio de Salud Metropolitano Sur Oriente,13112,128,134197,9.5382
2025,22,Tasa de egresos hospitalarios por amputación extremidad inferior en diabetes,comuna,14,Servicio de Salud Metropolitano Sur Oriente,13112,328,134197,24.4417
2025,18,Tasa de egresos hospitalarios por enfermedad cerebrovascular,comuna,12,Servicio de Salud Metropolitano Oriente,13113,123,43489,28.283
2025,19,Tasa de egresos hospitalarios por enfermedades isquémicas del corazón,comuna,12,Servicio de Salud Metropolitano Oriente,13113,106,43489,24.374
2025,20,Tasa de egresos hospitalarios por insuficiencia cardíaca,comuna,12,Servicio de Salud Metropolitano Oriente,13113,68,43489,15.6361
2025,21,Tasa de egresos hospitalarios por diabetes mellitus,comuna,12,Servicio de Salud Metropolitano Oriente,13113,31,43489,7.1282
2025,22,Tasa de egresos hospitalarios por amputación extremidad inferior en diabetes,comuna,12,Servicio de Salud Metropolitano Oriente,13113,56,43489,12.8768
2025,18,Tasa de egresos hospitalarios por enfermedad cerebrovascular,comuna,12,Servicio de Salud Metropolitano Oriente,13114,270,93280,28.9451
2025,19,Tasa de egresos hospitalarios por enfermedades isquémicas del corazón,comuna,12,Servicio de Salud Metropolitano Oriente,13114,215,93280,23.0489
2025,20,Tasa de egresos hospitalarios por insuficiencia cardíaca,comuna,12,Servicio de Salud Metropolitano Oriente,13114,142,93280,15.223
2025,21,Tasa de egresos hospitalarios por diabetes mellitus,comuna,12,Servicio de Salud Metropolitano Oriente,13114,57,93280,6.1106
2025,22,Tasa de egresos hospitalarios por amputación extremidad inferior en diabetes,comuna,12,Servicio de Salud Metropolitano Oriente,13114,105,93280,11.2564
2025,18,Tasa de egresos hospitalarios por enfermedad cerebrovascular,comuna,12,Servicio de Salud Metropolitano Oriente,13115,83,39272,21.1347
2025,19,Tasa de egresos hospitalarios por enfermedades isquémicas del corazón,comuna,12,Servicio de Salud Metropolitano Oriente,13115,81,39272,20.6254
2025,20,Tasa de egresos hospitalarios por insuficiencia cardíaca,comuna,12,Servicio de Salud Metropolitano Oriente,13115,55,39272,14.0049
2025,21,Tasa de egresos hospitalarios por diabetes mellitus,comuna,12,Servicio de Salud Metropolitano Oriente,13115,34,39272,8.6576
2025,22,Tasa de egresos hospitalarios por amputación extremidad inferior en diabetes,comuna,12,Servicio de Salud Metropolitano Oriente,13115,35,39272,8.9122
2025,18,Tasa de egresos hospitalarios por enfermedad cerebrovascular,comuna,13,Servicio de Salud Metropolitano Sur,13116,147,81218,18.0994
2025,19,Tasa de egresos hospitalarios por enfermedades isquémicas del corazón,comuna,13,Servicio de Salud Metropolitano Sur,13116,149,81218,18.3457
2025,20,Tasa de egresos hospitalarios por insuficiencia cardíaca,comuna,13,Servicio de Salud Metropolitano Sur,13116,100,81218,12.3125
2025,21,Tasa de egresos hospitalarios por diabetes mellitus,comuna,13,Servicio de Salud Metropolitano Sur,13116,68,81218,8.3725
2025,22,Tasa de egresos hospitalarios por amputación extremidad inferior en diabetes,comuna,13,Servicio de Salud Metropolitano Sur,13116,52,81218,6.4025
2025,18,Tasa de egresos hospitalarios por enfermedad cerebrovascular,comuna,10,Servicio de Salud Metropolitano Occidente,13117,159,106249,14.9648
2025,19,Tasa de egresos hospitalarios por enfermedades isquémicas del corazón,comuna,10,Servicio de Salud Metropolitano Occidente,13117,106,106249,9.9766
2025,20,Tasa de egresos hospitalarios por insuficiencia cardíaca,comuna,10,Servicio de Salud Metropolitano Occidente,13117,117,106249,11.0119
2025,21,Tasa de egresos hospitalarios por diabetes mellitus,comuna,10,Servicio de Salud Metropolitano Occidente,13117,120,106249,11.2942
2025,22,Tasa de egresos hospitalarios por amputación extremidad inferior en diabetes,comuna,10,Servicio de Salud Metropolitano Occidente,13117,31,106249,2.9177
2025,18,Tasa de egresos hospitalarios por enfermedad cerebrovascular,comuna,12,Servicio de Salud Metropolitano Oriente,13118,198,116039,17.0632
2025,19,Tasa de egresos hospitalarios por enfermedades isquémicas del corazón,comuna,12,Servicio de Salud Metropolitano Oriente,13118,199,116039,17.1494
2025,20,Tasa de egresos hospitalarios por insuficiencia cardíaca,comuna,12,Servicio de Salud Metropolitano Oriente,13118,142,116039,12.2373
2025,21,Tasa de egresos hospitalarios por diabetes mellitus,comuna,12,Servicio de Salud Metropolitano Oriente,13118,133,116039,11.4617
2025,22,Tasa de egresos hospitalarios por amputación extremidad inferior en diabetes,comuna,12,Servicio de Salud Metropolitano Oriente,13118,113,116039,9.7381
2025,18,Tasa de egresos hospitalarios por enfermedad cerebrovascular,comuna,11,Servicio de Salud Metropolitano Central,13119,747,323045,23.1237
2025,19,Tasa de egresos hospitalarios por enfermedades isquémicas del corazón,comuna,11,Servicio de Salud Metropolitano Central,13119,712,323045,22.0403
2025,20,Tasa de egresos hospitalarios por insuficiencia cardíaca,comuna,11,Servicio de Salud Metropolitano Central,13119,366,323045,11.3297
2025,21,Tasa de egresos hospitalarios por diabetes mellitus,comuna,11,Servicio de Salud Metropolitano Central,13119,344,323045,10.6487
2025,22,Tasa de egresos hospitalarios por amputación extremidad inferior en diabetes,comuna,11,Servicio de Salud Metropolitano Central,13119,143,323045,4.4266
2025,18,Tasa de egresos hospitalarios por enfermedad cerebrovascular,comuna,12,Servicio de Salud Metropolitano Oriente,13120,252,111875,22.5251
2025,19,Tasa de egresos hospitalarios por enfermedades isquémicas del corazón,comuna,12,Servicio de Salud Metropolitano Oriente,13120,233,111875,20.8268
2025,20,Tasa de egresos hospitalarios por insuficiencia cardíaca,comuna,12,Servicio de Salud Metropolitano Oriente,13120,144,111875,12.8715
2025,21,Tasa de egresos hospitalarios por diabetes mellitus,comuna,12,Servicio de Salud Metropolitano Oriente,13120,100,111875,8.9385
2025,22,Tasa de egresos hospitalarios por amputación extremidad inferior en diabetes,comuna,12,Servicio de Salud Metropolitano Oriente,13120,134,111875,11.9777
2025,18,Tasa de egresos hospitalarios por enfermedad cerebrovascular,comuna,13,Servicio de Salud Metropolitano Sur,13121,147,92480,15.8953
2025,19,Tasa de egresos hospitalarios por enfermedades isquémicas del corazón,comuna,13,Servicio de Salud Metropolitano Sur,13121,150,92480,16.2197
2025,20,Tasa de egresos hospitalarios por insuficiencia cardíaca,comuna,13,Servicio de Salud Metropolitano Sur,13121,85,92480,9.1912
2025,21,Tasa de egresos hospitalarios por diabetes mellitus,comuna,13,Servicio de Salud Metropolitano Sur,13121,81,92480,8.7587
2025,22,Tasa de egresos hospitalarios por amputación extremidad inferior en diabetes,comuna,13,Servicio de Salud Metropolitano Sur,13121,54,92480,5.8391
2025,18,Tasa de egresos hospitalarios por enfermedad cerebrovascular,comuna,12,Servicio de Salud Metropolitano Oriente,13122,427,179131,23.8373
2025,19,Tasa de egresos hospitalarios por enfermedades isquémicas del corazón,comuna,12,Servicio de Salud Metropolitano Oriente,13122,368,179131,20.5436
2025,20,Tasa de egresos hospitalarios por insuficiencia cardíaca,comuna,12,Servicio de Salud Metropolitano Oriente,13122,287,179131,16.0218
2025,21,Tasa de egresos hospitalarios por diabetes mellitus,comuna,12,Servicio de Salud Metropolitano Oriente,13122,324,179131,18.0873
2025,22,Tasa de egresos hospitalarios por amputación extremidad inferior en diabetes,comuna,12,Servicio de Salud Metropolitano Oriente,13122,209,179131,11.6674
2025,18,Tasa de egresos hospitalarios por enfermedad cerebrovascular,comuna,12,Servicio de Salud Metropolitano Oriente,13123,160,78647,20.3441
2025,19,Tasa de egresos hospitalarios por enfermedades isquémicas del corazón,comuna,12,Servicio de Salud Metropolitano Oriente,13123,146,78647,18.564
2025,20,Tasa de egresos hospitalarios por insuficiencia cardíaca,comuna,12,Servicio de Salud Metropolitano Oriente,13123,66,78647,8.3919
2025,21,Tasa de egresos hospitalarios por diabetes mellitus,comuna,12,Servicio de Salud Metropolitano Oriente,13123,35,78647,4.4503
2025,22,Tasa de egresos hospitalarios por amputación extremidad inferior en diabetes,comuna,12,Servicio de Salud Metropolitano Oriente,13123,68,78647,8.6462
2025,18,Tasa de egresos hospitalarios por enfermedad cerebrovascular,comuna,10,Servicio de Salud Metropolitano Occidente,13124,284,178716,15.8911
2025,19,Tasa de egresos hospitalarios por enfermedades isquémicas del corazón,comuna,10,Servicio de Salud Metropolitano Occidente,13124,226,178716,12.6458
2025,20,Tasa de egresos hospitalarios por insuficiencia cardíaca,comuna,10,Servicio de Salud Metropolitano Occidente,13124,188,178716,10.5195
2025,21,Tasa de egresos hospitalarios por diabetes mellitus,comuna,10,Servicio de Salud Metropolitano Occidente,13124,231,178716,12.9255
2025,22,Tasa de egresos hospitalarios por amputación extremidad inferior en diabetes,comuna,10,Servicio de Salud Metropolitano Occidente,13124,64,178716,3.5811
2025,18,Tasa de egresos hospitalarios por enfermedad cerebrovascular,comuna,09,Servicio de Salud Metropolitano Norte,13125,183,154296,11.8603
2025,19,Tasa de egresos hospitalarios por enfermedades isquémicas del corazón,comuna,09,Servicio de Salud Metropolitano Norte,13125,173,154296,11.2122
2025,20,Tasa de egresos hospitalarios por insuficiencia cardíaca,comuna,09,Servicio de Salud Metropolitano Norte,13125,114,154296,7.3884
2025,21,Tasa de egresos hospitalarios por diabetes mellitus,comuna,09,Servicio de Salud Metropolitano Norte,13125,104,154296,6.7403
2025,22,Tasa de egresos hospitalarios por amputación extremidad inferior en diabetes,comuna,09,Servicio de Salud Metropolitano Norte,13125,80,154296,5.1848
2025,18,Tasa de egresos hospitalarios por enfermedad cerebrovascular,comuna,10,Servicio de Salud Metropolitano Occidente,13126,239,95839,24.9377
2025,19,Tasa de egresos hospitalarios por enfermedades isquémicas del corazón,comuna,10,Servicio de Salud Metropolitano Occidente,13126,177,95839,18.4685
2025,20,Tasa de egresos hospitalarios por insuficiencia cardíaca,comuna,10,Servicio de Salud Metropolitano Occidente,13126,141,95839,14.7122
2025,21,Tasa de egresos hospitalarios por diabetes mellitus,comuna,10,Servicio de Salud Metropolitano Occidente,13126,132,95839,13.7731
2025,22,Tasa de egresos hospitalarios por amputación extremidad inferior en diabetes,comuna,10,Servicio de Salud Metropolitano Occidente,13126,29,95839,3.0259
2025,18,Tasa de egresos hospitalarios por enfermedad cerebrovascular,comuna,09,Servicio de Salud Metropolitano Norte,13127,259,125579,20.6245
2025,19,Tasa de egresos hospitalarios por enfermedades isquémicas del corazón,comuna,09,Servicio de Salud Metropolitano Norte,13127,180,125579,14.3336
2025,20,Tasa de egresos hospitalarios por insuficiencia cardíaca,comuna,09,Servicio de Salud Metropolitano Norte,13127,109,125579,8.6798
2025,21,Tasa de egresos hospitalarios por diabetes mellitus,comuna,09,Servicio de Salud Metropolitano Norte,13127,129,125579,10.2724
2025,22,Tasa de egresos hospitalarios por amputación extremidad inferior en diabetes,comuna,09,Servicio de Salud Metropolitano Norte,13127,101,125579,8.0427
2025,18,Tasa de egresos hospitalarios por enfermedad cerebrovascular,comuna,10,Servicio de Salud Metropolitano Occidente,13128,291,118062,24.6481
2025,19,Tasa de egresos hospitalarios por enfermedades isquémicas del corazón,comuna,10,Servicio de Salud Metropolitano Occidente,13128,197,118062,16.6861
2025,20,Tasa de egresos hospitalarios por insuficiencia cardíaca,comuna,10,Servicio de Salud Metropolitano Occidente,13128,168,118062,14.2298
2025,21,Tasa de egresos hospitalarios por diabetes mellitus,comuna,10,Servicio de Salud Metropolitano Occidente,13128,193,118062,16.3473
2025,22,Tasa de egresos hospitalarios por amputación extremidad inferior en diabetes,comuna,10,Servicio de Salud Metropolitano Occidente,13128,51,118062,4.3198
2025,18,Tasa de egresos hospitalarios por enfermedad cerebrovascular,comuna,13,Servicio de Salud Metropolitano Sur,13129,163,83791,19.4532
2025,19,Tasa de egresos hospitalarios por enfermedades isquémicas del corazón,comuna,13,Servicio de Salud Metropolitano Sur,13129,113,83791,13.4859
2025,20,Tasa de egresos hospitalarios por insuficiencia cardíaca,comuna,13,Servicio de Salud Metropolitano Sur,13129,61,83791,7.28
2025,21,Tasa de egresos hospitalarios por diabetes mellitus,comuna,13,Servicio de Salud Metropolitano Sur,13129,57,83791,6.8026
2025,22,Tasa de egresos hospitalarios por amputación extremidad inferior en diabetes,comuna,13,Servicio de Salud Metropolitano Sur,13129,70,83791,8.3541
2025,18,Tasa de egresos hospitalarios por enfermedad cerebrovascular,comuna,13,Servicio de Salud Metropolitano Sur,13130,132,103834,12.7126
2025,19,Tasa de egresos hospitalarios por enfermedades isquémicas del corazón,comuna,13,Servicio de Salud Metropolitano Sur,13130,122,103834,11.7495
2025,20,Tasa de egresos hospitalarios por insuficiencia cardíaca,comuna,13,Servicio de Salud Metropolitano Sur,13130,61,103834,5.8748
2025,21,Tasa de egresos hospitalarios por diabetes mellitus,comuna,13,Servicio de Salud Metropolitano Sur,13130,37,103834,3.5634
2025,22,Tasa de egresos hospitalarios por amputación extremidad inferior en diabetes,comuna,13,Servicio de Salud Metropolitano Sur,13130,66,103834,6.3563
2025,18,Tasa de egresos hospitalarios por enfermedad cerebrovascular,comuna,14,Servicio de Salud Metropolitano Sur Oriente,13131,155,71044,21.8175
2025,19,Tasa de egresos hospitalarios por enfermedades isquémicas del corazón,comuna,14,Servicio de Salud Metropolitano Sur Oriente,13131,197,71044,27.7293
2025,20,Tasa de egresos hospitalarios por insuficiencia cardíaca,comuna,14,Servicio de Salud Metropolitano Sur Oriente,13131,75,71044,10.5568
2025,21,Tasa de egresos hospitalarios por diabetes mellitus,comuna,14,Servicio de Salud Metropolitano Sur Oriente,13131,46,71044,6.4749
2025,22,Tasa de egresos hospitalarios por amputación extremidad inferior en diabetes,comuna,14,Servicio de Salud Metropolitano Sur Oriente,13131,178,71044,25.0549
2025,18,Tasa de egresos hospitalarios por enfermedad cerebrovascular,comuna,12,Servicio de Salud Metropolitano Oriente,13132,37,21099,17.5364
2025,19,Tasa de egresos hospitalarios por enfermedades isquémicas del corazón,comuna,12,Servicio de Salud Metropolitano Oriente,13132,37,21099,17.5364
2025,20,Tasa de egresos hospitalarios por insuficiencia cardíaca,comuna,12,Servicio de Salud Metropolitano Oriente,13132,29,21099,13.7447
2025,21,Tasa de egresos hospitalarios por diabetes mellitus,comuna,12,Servicio de Salud Metropolitano Oriente,13132,11,21099,5.2135
2025,22,Tasa de egresos hospitalarios por amputación extremidad inferior en diabetes,comuna,12,Servicio de Salud Metropolitano Oriente,13132,26,21099,12.3229
2025,18,Tasa de egresos hospitalarios por enfermedad cerebrovascular,comuna,14,Servicio de Salud Metropolitano Sur Oriente,13201,818,376225,21.7423
2025,19,Tasa de egresos hospitalarios por enfermedades isquémicas del corazón,comuna,14,Servicio de Salud Metropolitano Sur Oriente,13201,1103,376225,29.3176
2025,20,Tasa de egresos hospitalarios por insuficiencia cardíaca,comuna,14,Servicio de Salud Metropolitano Sur Oriente,13201,617,376225,16.3998
2025,21,Tasa de egresos hospitalarios por diabetes mellitus,comuna,14,Servicio de Salud Metropolitano Sur Oriente,13201,340,376225,9.0371
2025,22,Tasa de egresos hospitalarios por amputación extremidad inferior en diabetes,comuna,14,Servicio de Salud Metropolitano Sur Oriente,13201,856,376225,22.7523
2025,18,Tasa de egresos hospitalarios por enfermedad cerebrovascular,comuna,14,Servicio de Salud Metropolitano Sur Oriente,13202,28,22252,12.5831
2025,19,Tasa de egresos hospitalarios por enfermedades isquémicas del corazón,comuna,14,Servicio de Salud Metropolitano Sur Oriente,13202,42,22252,18.8747
2025,20,Tasa de egresos hospitalarios por insuficiencia cardíaca,comuna,14,Servicio de Salud Metropolitano Sur Oriente,13202,27,22252,12.1337
2025,21,Tasa de egresos hospitalarios por diabetes mellitus,comuna,14,Servicio de Salud Metropolitano Sur Oriente,13202,16,22252,7.1904
2025,22,Tasa de egresos hospitalarios por amputación extremidad inferior en diabetes,comuna,14,Servicio de Salud Metropolitano Sur Oriente,13202,31,22252,13.9313
2025,18,Tasa de egresos hospitalarios por enfermedad cerebrovascular,comuna,14,Servicio de Salud Metropolitano Sur Oriente,13203,20,10239,19.5332
2025,19,Tasa de egresos hospitalarios por enfermedades isquémicas del corazón,comuna,14,Servicio de Salud Metropolitano Sur Oriente,13203,31,10239,30.2764
2025,20,Tasa de egresos hospitalarios por insuficiencia cardíaca,comuna,14,Servicio de Salud Metropolitano Sur Oriente,13203,37,10239,36.1363
2025,21,Tasa de egresos hospitalarios por diabetes mellitus,comuna,14,Servicio de Salud Metropolitano Sur Oriente,13203,18,10239,17.5798
2025,22,Tasa de egresos hospitalarios por amputación extremidad inferior en diabetes,comuna,14,Servicio de Salud Metropolitano Sur Oriente,13203,24,10239,23.4398
2025,18,Tasa de egresos hospitalarios por enfermedad cerebrovascular,comuna,09,Servicio de Salud Metropolitano Norte,13301,116,101666,11.4099
2025,19,Tasa de egresos hospitalarios por enfermedades isquémicas del corazón,comuna,09,Servicio de Salud Metropolitano Norte,13301,151,101666,14.8526
2025,20,Tasa de egresos hospitalarios por insuficiencia cardíaca,comuna,09,Servicio de Salud Metropolitano Norte,13301,57,101666,5.6066
2025,21,Tasa de egresos hospitalarios por diabetes mellitus,comuna,09,Servicio de Salud Metropolitano Norte,13301,83,101666,8.164
2025,22,Tasa de egresos hospitalarios por amputación extremidad inferior en diabetes,comuna,09,Servicio de Salud Metropolitano Norte,13301,60,101666,5.9017
2025,18,Tasa de egresos hospitalarios por enfermedad cerebrovascular,comuna,09,Servicio de Salud Metropolitano Norte,13302,127,72809,17.4429
2025,19,Tasa de egresos hospitalarios por enfermedades isquémicas del corazón,comuna,09,Servicio de Salud Metropolitano Norte,13302,92,72809,12.6358
2025,20,Tasa de egresos hospitalarios por insuficiencia cardíaca,comuna,09,Servicio de Salud Metropolitano Norte,13302,49,72809,6.7299
2025,21,Tasa de egresos hospitalarios por diabetes mellitus,comuna,09,Servicio de Salud Metropolitano Norte,13302,57,72809,7.8287
2025,22,Tasa de egresos hospitalarios por amputación extremidad inferior en diabetes,comuna,09,Servicio de Salud Metropolitano Norte,13302,52,72809,7.142
2025,18,Tasa de egresos hospitalarios por enfermedad cerebrovascular,comuna,09,Servicio de Salud Metropolitano Norte,13303,38,14982,25.3638
2025,19,Tasa de egresos hospitalarios por enfermedades isquémicas del corazón,comuna,09,Servicio de Salud Metropolitano Norte,13303,35,14982,23.3614
2025,20,Tasa de egresos hospitalarios por insuficiencia cardíaca,comuna,09,Servicio de Salud Metropolitano Norte,13303,17,14982,11.3469
2025,21,Tasa de egresos hospitalarios por diabetes mellitus,comuna,09,Servicio de Salud Metropolitano Norte,13303,22,14982,14.6843
2025,22,Tasa de egresos hospitalarios por amputación extremidad inferior en diabetes,comuna,09,Servicio de Salud Metropolitano Norte,13303,12,14982,8.0096
2025,18,Tasa de egresos hospitalarios por enfermedad cerebrovascular,comuna,13,Servicio de Salud Metropolitano Sur,13401,446,219250,20.3421
2025,19,Tasa de egresos hospitalarios por enfermedades isquémicas del corazón,comuna,13,Servicio de Salud Metropolitano Sur,13401,382,219250,17.423
2025,20,Tasa de egresos hospitalarios por insuficiencia cardíaca,comuna,13,Servicio de Salud Metropolitano Sur,13401,219,219250,9.9886
2025,21,Tasa de egresos hospitalarios por diabetes mellitus,comuna,13,Servicio de Salud Metropolitano Sur,13401,311,219250,14.1847
2025,22,Tasa de egresos hospitalarios por amputación extremidad inferior en diabetes,comuna,13,Servicio de Salud Metropolitano Sur,13401,85,219250,3.8769
2025,18,Tasa de egresos hospitalarios por enfermedad cerebrovascular,comuna,13,Servicio de Salud Metropolitano Sur,13402,136,84429,16.1082
2025,19,Tasa de egresos hospitalarios por enfermedades isquémicas del corazón,comuna,13,Servicio de Salud Metropolitano Sur,13402,161,84429,19.0693
2025,20,Tasa de egresos hospitalarios por insuficiencia cardíaca,comuna,13,Servicio de Salud Metropolitano Sur,13402,74,84429,8.7648
2025,21,Tasa de egresos hospitalarios por diabetes mellitus,comuna,13,Servicio de Salud Metropolitano Sur,13402,68,84429,8.0541
2025,22,Tasa de egresos hospitalarios por amputación extremidad inferior en diabetes,comuna,13,Servicio de Salud Metropolitano Sur,13402,53,84429,6.2775
2025,18,Tasa de egresos hospitalarios por enfermedad cerebrovascular,comuna,13,Servicio de Salud Metropolitano Sur,13403,29,17408,16.659
2025,19,Tasa de egresos hospitalarios por enfermedades isquémicas del corazón,comuna,13,Servicio de Salud Metropolitano Sur,13403,29,17408,16.659
2025,20,Tasa de egresos hospitalarios por insuficiencia cardíaca,comuna,13,Servicio de Salud Metropolitano Sur,13403,15,17408,8.6167
2025,21,Tasa de egresos hospitalarios por diabetes mellitus,comuna,13,Servicio de Salud Metropolitano Sur,13403,14,17408,8.0423
2025,22,Tasa de egresos hospitalarios por amputación extremidad inferior en diabetes,comuna,13,Servicio de Salud Metropolitano Sur,13403,7,17408,4.0211
2025,18,Tasa de egresos hospitalarios por enfermedad cerebrovascular,comuna,13,Servicio de Salud Metropolitano Sur,13404,108,64040,16.8645
2025,19,Tasa de egresos hospitalarios por enfermedades isquémicas del corazón,comuna,13,Servicio de Salud Metropolitano Sur,13404,106,64040,16.5522
2025,20,Tasa de egresos hospitalarios por insuficiencia cardíaca,comuna,13,Servicio de Salud Metropolitano Sur,13404,48,64040,7.4953
2025,21,Tasa de egresos hospitalarios por diabetes mellitus,comuna,13,Servicio de Salud Metropolitano Sur,13404,63,64040,9.8376
2025,22,Tasa de egresos hospitalarios por amputación extremidad inferior en diabetes,comuna,13,Servicio de Salud Metropolitano Sur,13404,54,64040,8.4322
2025,18,Tasa de egresos hospitalarios por enfermedad cerebrovascular,comuna,10,Servicio de Salud Metropolitano Occidente,13501,252,112211,22.4577
2025,19,Tasa de egresos hospitalarios por enfermedades isquémicas del corazón,comuna,10,Servicio de Salud Metropolitano Occidente,13501,189,112211,16.8433
2025,20,Tasa de egresos hospitalarios por insuficiencia cardíaca,comuna,10,Servicio de Salud Metropolitano Occidente,13501,130,112211,11.5853
2025,21,Tasa de egresos hospitalarios por diabetes mellitus,comuna,10,Servicio de Salud Metropolitano Occidente,13501,150,112211,13.3677
2025,22,Tasa de egresos hospitalarios por amputación extremidad inferior en diabetes,comuna,10,Servicio de Salud Metropolitano Occidente,13501,47,112211,4.1885
2025,18,Tasa de egresos hospitalarios por enfermedad cerebrovascular,comuna,10,Servicio de Salud Metropolitano Occidente,13502,12,8232,14.5773
2025,19,Tasa de egresos hospitalarios por enfermedades isquémicas del corazón,comuna,10,Servicio de Salud Metropolitano Occidente,13502,7,8232,8.5034
2025,20,Tasa de egresos hospitalarios por insuficiencia cardíaca,comuna,10,Servicio de Salud Metropolitano Occidente,13502,3,8232,3.6443
2025,21,Tasa de egresos hospitalarios por diabetes mellitus,comuna,10,Servicio de Salud Metropolitano Occidente,13502,10,8232,12.1477
2025,22,Tasa de egresos hospitalarios por amputación extremidad inferior en diabetes,comuna,10,Servicio de Salud Metropolitano Occidente,13502,2,8232,2.4295
2025,18,Tasa de egresos hospitalarios por enfermedad cerebrovascular,comuna,10,Servicio de Salud Metropolitano Occidente,13503,90,23787,37.8358
2025,19,Tasa de egresos hospitalarios por enfermedades isquémicas del corazón,comuna,10,Servicio de Salud Metropolitano Occidente,13503,55,23787,23.1219
2025,20,Tasa de egresos hospitalarios por insuficiencia cardíaca,comuna,10,Servicio de Salud Metropolitano Occidente,13503,45,23787,18.9179
2025,21,Tasa de egresos hospitalarios por diabetes mellitus,comuna,10,Servicio de Salud Metropolitano Occidente,13503,59,23787,24.8035
2025,22,Tasa de egresos hospitalarios por amputación extremidad inferior en diabetes,comuna,10,Servicio de Salud Metropolitano Occidente,13503,8,23787,3.3632
2025,18,Tasa de egresos hospitalarios por enfermedad cerebrovascular,comuna,10,Servicio de Salud Metropolitano Occidente,13504,11,13524,8.1337
2025,19,Tasa de egresos hospitalarios por enfermedades isquémicas del corazón,comuna,10,Servicio de Salud Metropolitano Occidente,13504,17,13524,12.5702
2025,20,Tasa de egresos hospitalarios por insuficiencia cardíaca,comuna,10,Servicio de Salud Metropolitano Occidente,13504,9,13524,6.6548
2025,21,Tasa de egresos hospitalarios por diabetes mellitus,comuna,10,Servicio de Salud Metropolitano Occidente,13504,9,13524,6.6548
2025,22,Tasa de egresos hospitalarios por amputación extremidad inferior en diabetes,comuna,10,Servicio de Salud Metropolitano Occidente,13504,5,13524,3.6971
2025,18,Tasa de egresos hospitalarios por enfermedad cerebrovascular,comuna,10,Servicio de Salud Metropolitano Occidente,13505,9,13305,6.7644
2025,19,Tasa de egresos hospitalarios por enfermedades isquémicas del corazón,comuna,10,Servicio de Salud Metropolitano Occidente,13505,8,13305,6.0128
2025,20,Tasa de egresos hospitalarios por insuficiencia cardíaca,comuna,10,Servicio de Salud Metropolitano Occidente,13505,10,13305,7.516
2025,21,Tasa de egresos hospitalarios por diabetes mellitus,comuna,10,Servicio de Salud Metropolitano Occidente,13505,6,13305,4.5096
2025,22,Tasa de egresos hospitalarios por amputación extremidad inferior en diabetes,comuna,10,Servicio de Salud Metropolitano Occidente,13505,6,13305,4.5096
2025,18,Tasa de egresos hospitalarios por enfermedad cerebrovascular,comuna,10,Servicio de Salud Metropolitano Occidente,13601,144,55120,26.1248
2025,19,Tasa de egresos hospitalarios por enfermedades isquémicas del corazón,comuna,10,Servicio de Salud Metropolitano Occidente,13601,118,55120,21.4078
2025,20,Tasa de egresos hospitalarios por insuficiencia cardíaca,comuna,10,Servicio de Salud Metropolitano Occidente,13601,58,55120,10.5225
2025,21,Tasa de egresos hospitalarios por diabetes mellitus,comuna,10,Servicio de Salud Metropolitano Occidente,13601,98,55120,17.7794
2025,22,Tasa de egresos hospitalarios por amputación extremidad inferior en diabetes,comuna,10,Servicio de Salud Metropolitano Occidente,13601,23,55120,4.1727
2025,18,Tasa de egresos hospitalarios por enfermedad cerebrovascular,comuna,10,Servicio de Salud Metropolitano Occidente,13602,61,29541,20.6493
2025,19,Tasa de egresos hospitalarios por enfermedades isquémicas del corazón,comuna,10,Servicio de Salud Metropolitano Occidente,13602,60,29541,20.3108
2025,20,Tasa de egresos hospitalarios por insuficiencia cardíaca,comuna,10,Servicio de Salud Metropolitano Occidente,13602,25,29541,8.4628
2025,21,Tasa de egresos hospitalarios por diabetes mellitus,comuna,10,Servicio de Salud Metropolitano Occidente,13602,41,29541,13.879
2025,22,Tasa de egresos hospitalarios por amputación extremidad inferior en diabetes,comuna,10,Servicio de Salud Metropolitano Occidente,13602,8,29541,2.7081
2025,18,Tasa de egresos hospitalarios por enfermedad cerebrovascular,comuna,10,Servicio de Salud Metropolitano Occidente,13603,72,31088,23.1601
2025,19,Tasa de egresos hospitalarios por enfermedades isquémicas del corazón,comuna,10,Servicio de Salud Metropolitano Occidente,13603,39,31088,12.545
2025,20,Tasa de egresos hospitalarios por insuficiencia cardíaca,comuna,10,Servicio de Salud Metropolitano Occidente,13603,26,31088,8.3634
2025,21,Tasa de egresos hospitalarios por diabetes mellitus,comuna,10,Servicio de Salud Metropolitano Occidente,13603,53,31088,17.0484
2025,22,Tasa de egresos hospitalarios por amputación extremidad inferior en diabetes,comuna,10,Servicio de Salud Metropolitano Occidente,13603,10,31088,3.2167
2025,18,Tasa de egresos hospitalarios por enfermedad cerebrovascular,comuna,10,Servicio de Salud Metropolitano Occidente,13604,109,52723,20.6741
2025,19,Tasa de egresos hospitalarios por enfermedades isquémicas del corazón,comuna,10,Servicio de Salud Metropolitano Occidente,13604,59,52723,11.1906
2025,20,Tasa de egresos hospitalarios por insuficiencia cardíaca,comuna,10,Servicio de Salud Metropolitano Occidente,13604,58,52723,11.0009
2025,21,Tasa de egresos hospitalarios por diabetes mellitus,comuna,10,Servicio de Salud Metropolitano Occidente,13604,56,52723,10.6216
2025,22,Tasa de egresos hospitalarios por amputación extremidad inferior en diabetes,comuna,10,Servicio de Salud Metropolitano Occidente,13604,20,52723,3.7934
2025,18,Tasa de egresos hospitalarios por enfermedad cerebrovascular,comuna,10,Servicio de Salud Metropolitano Occidente,13605,180,71034,25.34
2025,19,Tasa de egresos hospitalarios por enfermedades isquémicas del corazón,comuna,10,Servicio de Salud Metropolitano Occidente,13605,100,71034,14.0778
2025,20,Tasa de egresos hospitalarios por insuficiencia cardíaca,comuna,10,Servicio de Salud Metropolitano Occidente,13605,90,71034,12.67
2025,21,Tasa de egresos hospitalarios por diabetes mellitus,comuna,10,Servicio de Salud Metropolitano Occidente,13605,90,71034,12.67
2025,22,Tasa de egresos hospitalarios por amputación extremidad inferior en diabetes,comuna,10,Servicio de Salud Metropolitano Occidente,13605,27,71034,3.801
2025,18,Tasa de egresos hospitalarios por enfermedad cerebrovascular,servicio_salud,09,Servicio de Salud Metropolitano Norte,,1214,739530,16.4158
2025,19,Tasa de egresos hospitalarios por enfermedades isquémicas del corazón,servicio_salud,09,Servicio de Salud Metropolitano Norte,,1008,739530,13.6303
2025,20,Tasa de egresos hospitalarios por insuficiencia cardíaca,servicio_salud,09,Servicio de Salud Metropolitano Norte,,587,739530,7.9375
2025,21,Tasa de egresos hospitalarios por diabetes mellitus,servicio_salud,09,Servicio de Salud Metropolitano Norte,,628,739530,8.4919
2025,22,Tasa de egresos hospitalarios por amputación extremidad inferior en diabetes,servicio_salud,09,Servicio de Salud Metropolitano Norte,,475,739530,6.423
2025,18,Tasa de egresos hospitalarios por enfermedad cerebrovascular,servicio_salud,10,Servicio de Salud Metropolitano Occidente,,2265,1016515,22.282
2025,19,Tasa de egresos hospitalarios por enfermedades isquémicas del corazón,servicio_salud,10,Servicio de Salud Metropolitano Occidente,,1572,1016515,15.4646
2025,20,Tasa de egresos hospitalarios por insuficiencia cardíaca,servicio_salud,10,Servicio de Salud Metropolitano Occidente,,1247,1016515,12.2674
2025,21,Tasa de egresos hospitalarios por diabetes mellitus,servicio_salud,10,Servicio de Salud Metropolitano Occidente,,1419,1016515,13.9595
2025,22,Tasa de egresos hospitalarios por amputación extremidad inferior en diabetes,servicio_salud,10,Servicio de Salud Metropolitano Occidente,,364,1016515,3.5809
2025,18,Tasa de egresos hospitalarios por enfermedad cerebrovascular,servicio_salud,11,Servicio de Salud Metropolitano Central,,1750,805569,21.7238
2025,19,Tasa de egresos hospitalarios por enfermedades isquémicas del corazón,servicio_salud,11,Servicio de Salud Metropolitano Central,,1701,805569,21.1155
2025,20,Tasa de egresos hospitalarios por insuficiencia cardíaca,servicio_salud,11,Servicio de Salud Metropolitano Central,,895,805569,11.1102
2025,21,Tasa de egresos hospitalarios por diabetes mellitus,servicio_salud,11,Servicio de Salud Metropolitano Central,,740,805569,9.1861
2025,22,Tasa de egresos hospitalarios por amputación extremidad inferior en diabetes,servicio_salud,11,Servicio de Salud Metropolitano Central,,495,805569,6.1447
2025,18,Tasa de egresos hospitalarios por enfermedad cerebrovascular,servicio_salud,12,Servicio de Salud Metropolitano Oriente,,1550,682832,22.6996
2025,19,Tasa de egresos hospitalarios por enfermedades isquémicas del corazón,servicio_salud,12,Servicio de Salud Metropolitano Oriente,,1385,682832,20.2832
2025,20,Tasa de egresos hospitalarios por insuficiencia cardíaca,servicio_salud,12,Servicio de Salud Metropolitano Oriente,,933,682832,13.6637
2025,21,Tasa de egresos hospitalarios por diabetes mellitus,servicio_salud,12,Servicio de Salud Metropolitano Oriente,,725,682832,10.6175
2025,22,Tasa de egresos hospitalarios por amputación extremidad inferior en diabetes,servicio_salud,12,Servicio de Salud Metropolitano Oriente,,746,682832,10.9251
2025,18,Tasa de egresos hospitalarios por enfermedad cerebrovascular,servicio_salud,13,Servicio de Salud Metropolitano Sur,,1715,966544,17.7436
2025,19,Tasa de egresos hospitalarios por enfermedades isquémicas del corazón,servicio_salud,13,Servicio de Salud Metropolitano Sur,,1567,966544,16.2124
2025,20,Tasa de egresos hospitalarios por insuficiencia cardíaca,servicio_salud,13,Servicio de Salud Metropolitano Sur,,941,966544,9.7357
2025,21,Tasa de egresos hospitalarios por diabetes mellitus,servicio_salud,13,Servicio de Salud Metropolitano Sur,,963,966544,9.9633
2025,22,Tasa de egresos hospitalarios por amputación extremidad inferior en diabetes,servicio_salud,13,Servicio de Salud Metropolitano Sur,,570,966544,5.8973
2025,18,Tasa de egresos hospitalarios por enfermedad cerebrovascular,servicio_salud,14,Servicio de Salud Metropolitano Sur Oriente,,2125,1044476,20.3451
2025,19,Tasa de egresos hospitalarios por enfermedades isquémicas del corazón,servicio_salud,14,Servicio de Salud Metropolitano Sur Oriente,,3059,1044476,29.2874
2025,20,Tasa de egresos hospitalarios por insuficiencia cardíaca,servicio_salud,14,Servicio de Salud Metropolitano Sur Oriente,,1419,1044476,13.5858
2025,21,Tasa de egresos hospitalarios por diabetes mellitus,servicio_salud,14,Servicio de Salud Metropolitano Sur Oriente,,863,1044476,8.2625
2025,22,Tasa de egresos hospitalarios por amputación extremidad inferior en diabetes,servicio_salud,14,Servicio de Salud Metropolitano Sur Oriente,,1928,1044476,18.459
2025,18,Tasa de egresos hospitalarios por enfermedad cerebrovascular,rm,,,,10619,5255466,20.2056
2025,19,Tasa de egresos hospitalarios por enfermedades isquémicas del corazón,rm,,,,10292,5255466,19.5834
2025,20,Tasa de egresos hospitalarios por insuficiencia cardíaca,rm,,,,6022,5255466,11.4585
2025,21,Tasa de egresos hospitalarios por diabetes mellitus,rm,,,,5338,5255466,10.157
2025,22,Tasa de egresos hospitalarios por amputación extremidad inferior en diabetes,rm,,,,4578,5255466,8.7109
